<definitions
	xmlns:wsu="http://docs.oasis-open.org/wss/2004/01/oasis-200401-wss-wssecurity-utility-1.0.xsd"
	xmlns:wsp="http://www.w3.org/ns/ws-policy" xmlns:wsp1_2="http://schemas.xmlsoap.org/ws/2004/09/policy"
	xmlns:wsam="http://www.w3.org/2007/05/addressing/metadata" xmlns:wsaw="http://www.w3.org/2006/05/addressing/wsdl"
	xmlns:soap12="http://schemas.xmlsoap.org/wsdl/soap12/" xmlns:tns="http://www.pmix.gov"
	xmlns:xsd="http://www.w3.org/2001/XMLSchema" xmlns="http://schemas.xmlsoap.org/wsdl/"
	targetNamespace="http://www.pmix.gov" name="pmp"
	xmlns:wspp="http://java.sun.com/xml/ns/wsit/policy"
	xmlns:fi="http://java.sun.com/xml/ns/wsit/2006/09/policy/encoding/client"
	xmlns:tcp="http://java.sun.com/xml/ns/wsit/2006/09/policy/transport/client"
	xmlns:sc="http://schemas.sun.com/2006/03/wss/client" xmlns:sp="http://schemas.xmlsoap.org/ws/2005/07/securitypolicy">
	<wsp:Policy xmlns:wsapw3c="http://www.w3.org/2006/05/addressing/wsdl"
		wsu:Id="WsBasicProfileBinding_Wsaw_Addressing_Policy-WsBasicProfileBinding_WSAM_Addressing_Policy-WsBasicProfileBinding_WSAM_Addressing_Policy">
		<wsapw3c:UsingAddressing wsp:Optional="true" />
		<wsam:Addressing wsp:Optional="true">
			<wsp:Policy />
		</wsam:Addressing>
	</wsp:Policy>
	<wsp:Policy xmlns:sp="http://docs.oasis-open.org/ws-sx/ws-securitypolicy/200702"
		xmlns:ssp="http://schemas.sun.com/2006/03/wss/server" xmlns:sunwsp="http://java.sun.com/xml/ns/wsit/policy"
		wsu:Id="WsBasicProfileBindingPolicy">
		<sp:AsymmetricBinding>
			<wsp:Policy>
				<sp:AlgorithmSuite>
					<wsp:Policy>
						<sp:Basic128 />
					</wsp:Policy>
				</sp:AlgorithmSuite>
				<!--sp:EncryptSignature /-->
				<sp:IncludeTimestamp />
				<sp:InitiatorToken>
					<wsp:Policy>
						<sp:X509Token
							sp:IncludeToken="http://docs.oasis-open.org/ws-sx/ws-securitypolicy/200702/IncludeToken/AlwaysToRecipient">
							<wsp:Policy>
								<sp:WssX509V3Token10 />
							</wsp:Policy>
						</sp:X509Token>
					</wsp:Policy>
				</sp:InitiatorToken>
				<sp:Layout>
					<wsp:Policy>
						<sp:Strict />
					</wsp:Policy>
				</sp:Layout>
				<sp:OnlySignEntireHeadersAndBody />
				<sp:RecipientToken>
					<wsp:Policy>
						<sp:X509Token
							sp:IncludeToken="http://docs.oasis-open.org/ws-sx/ws-securitypolicy/200702/IncludeToken/Never">
							<wsp:Policy>
								<sp:RequireIssuerSerialReference />
								<sp:WssX509V3Token10 />
							</wsp:Policy>
						</sp:X509Token>
					</wsp:Policy>
				</sp:RecipientToken>
			</wsp:Policy>
		</sp:AsymmetricBinding>
		<sp:Wss10>
			<wsp:Policy>
				<sp:MustSupportRefIssuerSerial />
			</wsp:Policy>
		</sp:Wss10>
		<wsam:Addressing />
		<!-- sc:KeyStore location="wskeystore.jks" type="JKS" storepass="changeit" 
			alias="certificatekey" keypass="changeit" /> <sc:TrustStore location="truststore.jks" 
			type="JKS" storepass="changeit" peeralias="mykey" / -->
		<sc:KeyStore wspp:visibility="private" location="truststore.jks"
			type="JKS" storepass="changeit" alias="myclientkey" keypass="changeit" />
		<sc:TrustStore wspp:visibility="private" location="truststore.jks"
			type="JKS" storepass="changeit" peeralias="certificatekey" />
	</wsp:Policy>
	<wsp:Policy xmlns:sp="http://docs.oasis-open.org/ws-sx/ws-securitypolicy/200702"
		wsu:Id="WsBasicProfileBinding_ProvidePrescriptionDrugHistory_Input_Policy">
		<sp:EncryptedParts>
			<sp:Body />
		</sp:EncryptedParts>
		<sp:SignedParts>
			<sp:Body />
			<sp:Header Namespace="http://www.w3.org/2005/08/addressing"
				Name="ReplyTo" />
			<sp:Header Namespace="http://www.w3.org/2005/08/addressing"
				Name="To" />
			<sp:Header Namespace="http://www.w3.org/2005/08/addressing"
				Name="From" />
			<sp:Header Namespace="http://docs.oasis-open.org/ws-rx/wsrm/200702"
				Name="AckRequested" />
			<sp:Header Namespace="http://docs.oasis-open.org/ws-rx/wsrm/200702"
				Name="CreateSequence" />
			<sp:Header Namespace="http://docs.oasis-open.org/ws-rx/wsrm/200702"
				Name="Sequence" />
			<sp:Header Namespace="http://www.w3.org/2005/08/addressing"
				Name="MessageID" />
			<sp:Header Name="FaultTo" Namespace="http://www.w3.org/2005/08/addressing" />
			<sp:Header Namespace="http://docs.oasis-open.org/ws-rx/wsrm/200702"
				Name="SequenceAcknowledgement" />
			<sp:Header Namespace="http://www.w3.org/2005/08/addressing"
				Name="Action" />
			<sp:Header Namespace="http://www.w3.org/2005/08/addressing"
				Name="RelatesTo" />
		</sp:SignedParts>
	</wsp:Policy>
	<wsp:Policy xmlns:sp="http://docs.oasis-open.org/ws-sx/ws-securitypolicy/200702"
		wsu:Id="WsBasicProfileBinding_ProvidePrescriptionDrugHistory_Output_Policy">
		<sp:EncryptedParts>
			<sp:Body />
		</sp:EncryptedParts>
		<sp:SignedParts>
			<sp:Body />
			<sp:Header Namespace="http://www.w3.org/2005/08/addressing"
				Name="ReplyTo" />
			<sp:Header Namespace="http://www.w3.org/2005/08/addressing"
				Name="To" />
			<sp:Header Namespace="http://www.w3.org/2005/08/addressing"
				Name="From" />
			<sp:Header Namespace="http://docs.oasis-open.org/ws-rx/wsrm/200702"
				Name="AckRequested" />
			<sp:Header Namespace="http://docs.oasis-open.org/ws-rx/wsrm/200702"
				Name="CreateSequence" />
			<sp:Header Namespace="http://docs.oasis-open.org/ws-rx/wsrm/200702"
				Name="Sequence" />
			<sp:Header Namespace="http://www.w3.org/2005/08/addressing"
				Name="MessageID" />
			<sp:Header Name="FaultTo" Namespace="http://www.w3.org/2005/08/addressing" />
			<sp:Header Namespace="http://docs.oasis-open.org/ws-rx/wsrm/200702"
				Name="SequenceAcknowledgement" />
			<sp:Header Namespace="http://www.w3.org/2005/08/addressing"
				Name="Action" />
			<sp:Header Namespace="http://www.w3.org/2005/08/addressing"
				Name="RelatesTo" />
		</sp:SignedParts>
	</wsp:Policy>
	<types>
		<xsd:schema>
			<xsd:import namespace="http://www.pmix.gov"
				schemaLocation="https://mm.test.rxcheck.org:18812/PMP_Service/pmp?xsd=1" />
		</xsd:schema>
		<xsd:schema>
			<xsd:import namespace="http://schemas.microsoft.com/2003/10/Serialization/"
				schemaLocation="https://mm.test.rxcheck.org:18812/PMP_Service/pmp?xsd=2" />
		</xsd:schema>
	</types>
	<message name="ProvidePrescriptionDrugHistory">
		<part name="parameters" element="tns:RequestType" />
		<part name="MetaData" element="tns:MetaData" />
	</message>
	<message name="ProvidePrescriptionDrugHistoryResponse">
		<part name="parameters" element="tns:ResponseType" />
		<part name="ResponseStatus" element="tns:ResponseStatus" />
		<part name="RoutingData" element="tns:RoutingData" />
	</message>
	<message name="ReceiveDeferredPrescriptionDrugHistory">
		<part name="parameters" element="tns:ResponseType" />
		<part name="ResponseStatus" element="tns:ResponseStatus" />
		<part name="RoutingData" element="tns:RoutingData" />
	</message>
	<message name="ReceiveDeferredPrescriptionDrugHistoryResponse">
		<part name="parameters" element="tns:AcknowledgementType" />
		<part name="Acknowledgement" element="tns:Acknowledgement" />
	</message>
	<portType name="pmp">
		<operation name="ProvidePrescriptionDrugHistory"
			parameterOrder="parameters MetaData ResponseStatus RoutingData">
			<input wsam:Action="http://www.pmix.gov/pmp/ProvidePrescriptionDrugHistory"
				message="tns:ProvidePrescriptionDrugHistory" />
			<output
				wsam:Action="http://www.pmix.gov/pmp/ProvidePrescriptionDrugHistoryResponse"
				message="tns:ProvidePrescriptionDrugHistoryResponse" />
		</operation>
		<operation name="ReceiveDeferredPrescriptionDrugHistory"
			parameterOrder="parameters ResponseStatus RoutingData Acknowledgement">
			<input
				wsam:Action="http://www.pmix.gov/pmp/ReceiveDeferredPrescriptionDrugHistory"
				message="tns:ReceiveDeferredPrescriptionDrugHistory" />
			<output
				wsam:Action="http://www.pmix.gov/pmp/ReceiveDeferredPrescriptionDrugHistoryResponse"
				message="tns:ReceiveDeferredPrescriptionDrugHistoryResponse" />
		</operation>
	</portType>
	<binding name="WsBasicProfileBinding" type="tns:pmp">
		<wsaw:UsingAddressing />
		<wsp:PolicyReference
			URI="#WsBasicProfileBinding_Wsaw_Addressing_Policy-WsBasicProfileBinding_WSAM_Addressing_Policy-WsBasicProfileBinding_WSAM_Addressing_Policy" />
		<wsp:PolicyReference URI="#WsBasicProfileBindingPolicy" />
		<soap12:binding transport="http://schemas.xmlsoap.org/soap/http"
			style="document" />
		<operation name="ProvidePrescriptionDrugHistory">
			<soap12:operation
				soapAction="http://www.pmix.gov/pmp/ProvidePrescriptionDrugHistory" />
			<input>
				<wsp:PolicyReference
					URI="#WsBasicProfileBinding_ProvidePrescriptionDrugHistory_Input_Policy" />
				<soap12:body use="literal" parts="parameters" />
				<soap12:header message="tns:ProvidePrescriptionDrugHistory"
					part="MetaData" use="literal" />
			</input>
			<output>
				<wsp:PolicyReference
					URI="#WsBasicProfileBinding_ProvidePrescriptionDrugHistory_Output_Policy" />
				<soap12:body use="literal" parts="parameters" />
				<soap12:header message="tns:ProvidePrescriptionDrugHistoryResponse"
					part="ResponseStatus" use="literal" />
				<soap12:header message="tns:ProvidePrescriptionDrugHistoryResponse"
					part="RoutingData" use="literal" />
			</output>
		</operation>
		<operation name="ReceiveDeferredPrescriptionDrugHistory">
			<soap12:operation
				soapAction="http://www.pmix.gov/pmp/ReceiveDeferredPrescriptionDrugHistory" />
			<input>
				<wsp:PolicyReference
					URI="#WsBasicProfileBinding_ProvidePrescriptionDrugHistory_Input_Policy" />
				<soap12:body use="literal" parts="parameters" />
				<soap12:header message="tns:ReceiveDeferredPrescriptionDrugHistory"
					part="ResponseStatus" use="literal" />
				<soap12:header message="tns:ReceiveDeferredPrescriptionDrugHistory"
					part="RoutingData" use="literal" />
			</input>
			<output>
				<wsp:PolicyReference
					URI="#WsBasicProfileBinding_ProvidePrescriptionDrugHistory_Output_Policy" />
				<soap12:body use="literal" parts="parameters" />
				<soap12:header message="tns:ReceiveDeferredPrescriptionDrugHistoryResponse"
					part="Acknowledgement" use="literal" />
			</output>
		</operation>
	</binding>
	<service name="pmp">
		<port name="WsBasicProfile" binding="tns:WsBasicProfileBinding">
			<soap12:address location="https://mm.test.rxcheck.org:18812/PMP_Service/pmp" />
		</port>
	</service>
</definitions>