<?xml version="1.0" encoding="UTF-8"?>
<!-- 
    Document: $Id: doPublish-multiple-messages.xml 28465 2011-09-28 14:58:24Z ys34 $
    Original: 11/9/2009
    LEXS version  : 4.0
    ULEX version : 2.0
    Description   : 
        Sample XML instance for the publish message containing multiple publish messages.
-->
<ulexpd:doPublish 
    xmlns:new="http://somewhere.gov/new-community" 
    xmlns:ulex="http://ulex.gov/ulex/2.0" 
    xmlns:ulexpd="http://ulex.gov/publishdiscover/2.0"    
    xmlns:ulexcodes="http://ulex.gov/codes/2.0"    
    xmlns:ulexlib="http://ulex.gov/library/2.0"
    
    xmlns:j="http://niem.gov/niem/domains/jxdm/4.1"
    xmlns:nc="http://niem.gov/niem/niem-core/2.0"
    xmlns:em="http://niem.gov/niem/domains/emergencyManagement/2.1" 
    xmlns:im="http://niem.gov/niem/domains/immigration/2.1" 
    xmlns:scr="http://niem.gov/niem/domains/screening/2.1"
    xmlns:s="http://niem.gov/niem/structures/2.0"
    xmlns:lexs="http://lexs.gov/lexs/4.0" 
    xmlns:wsa="http://www.w3.org/2005/08/addressing"
    xmlns:lexsdigest="http://lexs.gov/digest/4.0"

    xmlns:xsi="http://www.w3.org/2001/XMLSchema-instance" 
    xsi:schemaLocation="http://ulex.gov/publishdiscover/2.0 ../../xsd/ulex.gov/ulex-publish-discover/2.0/ulex-publish-discover.xsd">
   <ulex:PublishMessageContainer>
        <!--==================== 1st Message ====================-->
        <ulex:PublishMessage>
            <ulex:PDMessageMetadata>
                <ulex:ULEXFrameworkVersionText>2.0</ulex:ULEXFrameworkVersionText>
                <ulex:ULEXImplementation>
                    <ulex:ULEXImplementationVersionText>4.0</ulex:ULEXImplementationVersionText>
                    <ulex:ULEXImplementationName>LEXS</ulex:ULEXImplementationName>
                </ulex:ULEXImplementation>
                <ulex:MessageDateTime>2006-12-17T09:30:47.0Z</ulex:MessageDateTime>
                <wsa:MessageID>1</wsa:MessageID>
                <lexs:DataSensitivityText>SBU</lexs:DataSensitivityText>
            </ulex:PDMessageMetadata>
            <!--=======================  Data Submitter Metadata  =======================-->
            <ulex:DataSubmitterMetadata>
                <lexs:SystemIdentifier>
                    <nc:OrganizationName>Hypothetical Organization C</nc:OrganizationName>
                    <lexs:SystemID>SysC</lexs:SystemID>
                </lexs:SystemIdentifier>
                <lexs:SystemContact>
                    <nc:PersonGivenName>Michael</nc:PersonGivenName>
                    <nc:PersonSurName>Park</nc:PersonSurName>
                    <!-- Contact telephone number is required, other kinds of numbers optional -->
                    <nc:ContactTelephoneNumber>
                        <!-- Phone number listed here split into parts, although the full phone number field could be used instead or in addition to the parts -->
                        <nc:NANPTelephoneNumber>
                            <nc:TelephoneAreaCodeID>202</nc:TelephoneAreaCodeID>
                            <nc:TelephoneExchangeID>555</nc:TelephoneExchangeID>
                            <nc:TelephoneLineID>1212</nc:TelephoneLineID>
                        </nc:NANPTelephoneNumber>
                    </nc:ContactTelephoneNumber>
                </lexs:SystemContact>
            </ulex:DataSubmitterMetadata>
            <!--==================== Package ====================-->
            <ulex:DataItemPackage>
                <ulex:PackageMetadata>
                    <ulex:DataItemID>12345678</ulex:DataItemID>
                    <ulex:DataItemCompleteIndicator>true</ulex:DataItemCompleteIndicator>
                    <ulex:DataItemDate>1967-08-13</ulex:DataItemDate>
                    <ulex:DataItemReferenceID>12345678</ulex:DataItemReferenceID>
                    <ulex:DataItemPublishInstructionCode>Insert</ulex:DataItemPublishInstructionCode>
                    <lexs:DataItemStatusText>Valid</lexs:DataItemStatusText>
                    <!--=======================  Data Owner Metadata  =======================-->
                    <ulex:DataOwnerMetadata>
                        <lexs:DataOwnerIdentifier>
                            <lexs:OriginatingAgencyID>AA1234567</lexs:OriginatingAgencyID>
                            <nc:OrganizationName>Hypothetical Agency A</nc:OrganizationName>
                            <lexs:SystemID>SysA</lexs:SystemID>
                        </lexs:DataOwnerIdentifier>
                        <lexs:DataOwnerContact>
                            <nc:PersonGivenName>Will</nc:PersonGivenName>
                            <nc:PersonSurName>Jones</nc:PersonSurName>
                            <nc:ContactTelephoneNumber>
                                <nc:FullTelephoneNumber>
                                    <nc:TelephoneNumberFullID>111-222-3333</nc:TelephoneNumberFullID>
                                </nc:FullTelephoneNumber>
                            </nc:ContactTelephoneNumber>
                        </lexs:DataOwnerContact>
                    </ulex:DataOwnerMetadata>
                    <lexs:DisseminationCriteria>
                        <lexs:DisseminationCriteriaDomainName>NDEX</lexs:DisseminationCriteriaDomainName>
                        <lexs:DisseminationCriteriaText>white</lexs:DisseminationCriteriaText>
                    </lexs:DisseminationCriteria>
                </ulex:PackageMetadata>
                <lexs:Digest>
                    <!--==================  Person A  ==================-->
                    <lexsdigest:EntityPerson s:id="EPerson1">
                        <lexsdigest:Metadata s:id="MPerson1">
                            <nc:SourceIDText>P123</nc:SourceIDText>
                        </lexsdigest:Metadata>
                        <lexsdigest:Person s:id="Person1" s:metadata="MPerson1">
                            <nc:PersonAgeMeasure>
                                <nc:MeasurePointValue>29</nc:MeasurePointValue>
                                <nc:TimeUnitCode>ANN</nc:TimeUnitCode>
                            </nc:PersonAgeMeasure>
                            <nc:PersonName>
                                <nc:PersonGivenName>John</nc:PersonGivenName>
                                <nc:PersonSurName>Doe</nc:PersonSurName>
                            </nc:PersonName>
                            <nc:PersonSSNIdentification>
                                <nc:IdentificationID>555443333</nc:IdentificationID>
                            </nc:PersonSSNIdentification>
                        </lexsdigest:Person>
                    </lexsdigest:EntityPerson>
                </lexs:Digest>
                <!--======================= Data from another community ======================-->
                <ulex:StructuredPayload ulexlib:id="SP1">
                    <ulex:StructuredPayloadMetadata>
                        <ulex:CommunityURI>http://somewhere.gov/new-community</ulex:CommunityURI>
                        <ulex:CommunityDescriptionText>New Community</ulex:CommunityDescriptionText>
                        <ulex:CommunityVersionText>1.0</ulex:CommunityVersionText>
                    </ulex:StructuredPayloadMetadata>
                    <ulex:StructuredPayloadContent>
                        <new:Report>
                            <new:Person s:id="SPPerson1">
                                <nc:PersonHairStyleText>pageboy</nc:PersonHairStyleText>
                            </new:Person>
                        </new:Report>
                    </ulex:StructuredPayloadContent>
                </ulex:StructuredPayload>
                <!--=======================  Link objects from the structured payload to the digest  =======================-->
                <ulex:Linkages>
                    <ulexlib:SameAsConnection>
                        <ulexlib:DigestObjectReference ulexlib:validatingObjectReference="Person1"/>
                        <ulexlib:StructuredPayloadObjectReference ulexlib:structuredPayloadReference="SP1" ulexlib:nonValidatingObjectReference="SPPerson1"/>
                    </ulexlib:SameAsConnection>
                </ulex:Linkages>
            </ulex:DataItemPackage>
        </ulex:PublishMessage>
        <!--==================== 2nd Message ====================-->
        <ulex:PublishMessage>
            <ulex:PDMessageMetadata>
                <ulex:ULEXFrameworkVersionText>2.0</ulex:ULEXFrameworkVersionText>
                <ulex:ULEXImplementation>
                    <ulex:ULEXImplementationVersionText>4.0</ulex:ULEXImplementationVersionText>
                    <ulex:ULEXImplementationName>LEXS</ulex:ULEXImplementationName>
                </ulex:ULEXImplementation>
                <ulex:MessageDateTime>2006-12-17T09:30:47.0Z</ulex:MessageDateTime>
                <wsa:MessageID>2</wsa:MessageID>
                <lexs:DataSensitivityText>SBU</lexs:DataSensitivityText>
            </ulex:PDMessageMetadata>
            <!--=======================  Data Submitter Metadata  =======================-->
            <ulex:DataSubmitterMetadata>
                <lexs:SystemIdentifier>
                    <nc:OrganizationName>Hypothetical Organization C</nc:OrganizationName>
                    <lexs:SystemID>SysC</lexs:SystemID>
                </lexs:SystemIdentifier>
                <lexs:SystemContact>
                    <nc:PersonGivenName>Michael</nc:PersonGivenName>
                    <nc:PersonSurName>Park</nc:PersonSurName>
                    <!-- Contact telephone number is required, other kinds of numbers optional -->
                    <nc:ContactTelephoneNumber>
                        <!-- Phone number listed here split into parts, although the full phone number field could be used instead or in addition to the parts -->
                        <nc:NANPTelephoneNumber>
                            <nc:TelephoneAreaCodeID>202</nc:TelephoneAreaCodeID>
                            <nc:TelephoneExchangeID>555</nc:TelephoneExchangeID>
                            <nc:TelephoneLineID>1212</nc:TelephoneLineID>
                        </nc:NANPTelephoneNumber>
                    </nc:ContactTelephoneNumber>
                </lexs:SystemContact>
            </ulex:DataSubmitterMetadata>
            <!--==================== Package ====================-->
            <ulex:DataItemPackage>
                <ulex:PackageMetadata>
                    <ulex:DataItemID>23456789</ulex:DataItemID>
                    <ulex:DataItemCompleteIndicator>false</ulex:DataItemCompleteIndicator>
                    <ulex:DataItemDate>1968-09-01</ulex:DataItemDate>
                    <ulex:DataItemReferenceID>23456789</ulex:DataItemReferenceID>
                    <ulex:DataItemPublishInstructionCode>Insert</ulex:DataItemPublishInstructionCode>
                    <lexs:DataItemStatusText>Valid</lexs:DataItemStatusText>
                    <!--=======================  Data Owner Metadata  =======================-->
                    <ulex:DataOwnerMetadata>
                        <lexs:DataOwnerIdentifier>
                            <lexs:OriginatingAgencyID>AA1234567</lexs:OriginatingAgencyID>
                            <nc:OrganizationName>Hypothetical Agency A</nc:OrganizationName>
                            <lexs:SystemID>SysA</lexs:SystemID>
                        </lexs:DataOwnerIdentifier>
                        <lexs:DataOwnerContact>
                            <nc:PersonGivenName>Will</nc:PersonGivenName>
                            <nc:PersonSurName>Jones</nc:PersonSurName>
                            <nc:ContactTelephoneNumber>
                                <nc:FullTelephoneNumber>
                                    <nc:TelephoneNumberFullID>111-222-3333</nc:TelephoneNumberFullID>
                                </nc:FullTelephoneNumber>
                            </nc:ContactTelephoneNumber>
                        </lexs:DataOwnerContact>
                    </ulex:DataOwnerMetadata>
                    <lexs:DisseminationCriteria>
                        <lexs:DisseminationCriteriaDomainName>NDEX</lexs:DisseminationCriteriaDomainName>
                        <lexs:DisseminationCriteriaText>white</lexs:DisseminationCriteriaText>
                    </lexs:DisseminationCriteria>
                </ulex:PackageMetadata>
                <lexs:Digest>
                    <!--============  Person B  ============-->
                    <lexsdigest:EntityPerson>
                        <lexsdigest:Metadata s:id="MPerson2">
                            <nc:SourceIDText>P888</nc:SourceIDText>
                        </lexsdigest:Metadata>
                        <lexsdigest:Person s:id="Person2" s:metadata="MPerson2">
                            <nc:PersonAgeMeasure>
                                <nc:MeasurePointValue>33</nc:MeasurePointValue>
                                <nc:TimeUnitCode>ANN</nc:TimeUnitCode>
                            </nc:PersonAgeMeasure>
                            <nc:PersonName>
                                <nc:PersonGivenName>Bill</nc:PersonGivenName>
                                <nc:PersonSurName>Smitherman</nc:PersonSurName>
                            </nc:PersonName>
                        </lexsdigest:Person>
                    </lexsdigest:EntityPerson>
                </lexs:Digest>
                <!--======================= Data from another community ======================-->
                <ulex:StructuredPayload ulexlib:id="SP2">
                    <ulex:StructuredPayloadMetadata>
                        <ulex:CommunityURI>http://somewhere.gov/new-community</ulex:CommunityURI>
                        <ulex:CommunityDescriptionText>New Community</ulex:CommunityDescriptionText>
                        <ulex:CommunityVersionText>1.0</ulex:CommunityVersionText>
                    </ulex:StructuredPayloadMetadata>
                    <ulex:StructuredPayloadContent>
                        <new:Report>
                            <new:Person s:id="SPPerson2">
                                <nc:PersonHairStyleText>mohawk</nc:PersonHairStyleText>
                            </new:Person>
                        </new:Report>
                    </ulex:StructuredPayloadContent>
                </ulex:StructuredPayload>
                <!--=======================  Link objects from the structured payload to the digest  =======================-->
                <ulex:Linkages>
                    <ulexlib:SameAsConnection>
                        <ulexlib:DigestObjectReference ulexlib:validatingObjectReference="Person2"/>
                        <ulexlib:StructuredPayloadObjectReference ulexlib:structuredPayloadReference="SP2" ulexlib:nonValidatingObjectReference="SPPerson2"/>
                    </ulexlib:SameAsConnection>
                </ulex:Linkages>
            </ulex:DataItemPackage>
        </ulex:PublishMessage>
    </ulex:PublishMessageContainer>
</ulexpd:doPublish>