<?xml version="1.0" encoding="UTF-8"?>
<!-- 
    Document: $Id: doPublishAcknowledgedResponse.xml 28465 2011-09-28 14:58:24Z ys34 $
    Original: 11/5/2009
    LEXS version  : 4.0
    ULEX version : 2.0
    Description   : 
        Sample XML instance for the publish acknowledged response message.
-->
<ulexpd:doPublishAcknowledgedResponse xmlns:ulex="http://ulex.gov/ulex/2.0" 
    xmlns:ulexpd="http://ulex.gov/publishdiscover/2.0"
    
    xmlns:lexs="http://lexs.gov/lexs/4.0" 
    xmlns:wsa="http://www.w3.org/2005/08/addressing"

    xmlns:xsi="http://www.w3.org/2001/XMLSchema-instance" 
    xsi:schemaLocation="http://ulex.gov/publishdiscover/2.0 ../../xsd/ulex.gov/ulex-publish-discover/2.0/ulex-publish-discover.xsd">
        
    <ulex:PublishMessageAcknowledgment>
        <ulex:PDMessageMetadata>
            <ulex:ULEXFrameworkVersionText>2.0</ulex:ULEXFrameworkVersionText>
            <ulex:ULEXImplementation>
                <ulex:ULEXImplementationVersionText>4.0</ulex:ULEXImplementationVersionText>
                <ulex:ULEXImplementationName>LEXS</ulex:ULEXImplementationName>
            </ulex:ULEXImplementation>
            <ulex:MessageDateTime>2006-12-17T09:30:47.0Z</ulex:MessageDateTime>
            <wsa:MessageID>uuid:d03bff59-7323-4f60-b080-fc2b1d873f0c</wsa:MessageID>
            <wsa:RelatesTo>uuid:ab19b2f2-d64c-44c6-ab18-61dde2f25e61</wsa:RelatesTo>
            <lexs:DataSensitivityText>SBU</lexs:DataSensitivityText>
        </ulex:PDMessageMetadata>
        <ulex:PublishMessageAcknowledgmentReference>
            <wsa:Address>http://www.cjis.fbi.gov/OneDOJ/doPublishAcknowledged/2929</wsa:Address>
            <wsa:ReferenceParameters>
                <!-- whatever reference parameters are appropriate could be placed here -->
            </wsa:ReferenceParameters>
        </ulex:PublishMessageAcknowledgmentReference>
    </ulex:PublishMessageAcknowledgment>
</ulexpd:doPublishAcknowledgedResponse>