<?xml version="1.0" encoding="UTF-8"?>
<!-- 
    Document: $Id: doPublish-BOP-ITS-Call-Log.xml 28465 2011-09-28 14:58:24Z ys34 $
    Original: 11/9/2009
    LEXS version  : 4.0
    ULEX version : 2.0
    Description   : 
        Sample XML instance for the publish message (BOP ITS Call Log). 
-->
<ulexpd:doPublish 
    xmlns:new="http://somewhere.gov/new-community" 
    xmlns:ulex="http://ulex.gov/ulex/2.0" 
    xmlns:ulexpd="http://ulex.gov/publishdiscover/2.0"    
    xmlns:ulexcodes="http://ulex.gov/codes/2.0"    
    xmlns:ulexlib="http://ulex.gov/library/2.0"
    
    xmlns:j="http://niem.gov/niem/domains/jxdm/4.1"
    xmlns:nc="http://niem.gov/niem/niem-core/2.0"
    xmlns:em="http://niem.gov/niem/domains/emergencyManagement/2.1" 
    xmlns:im="http://niem.gov/niem/domains/immigration/2.1" 
    xmlns:scr="http://niem.gov/niem/domains/screening/2.1"
    xmlns:s="http://niem.gov/niem/structures/2.0"
    xmlns:lexs="http://lexs.gov/lexs/4.0" 
    xmlns:wsa="http://www.w3.org/2005/08/addressing"
    xmlns:lexsdigest="http://lexs.gov/digest/4.0"

    xmlns:xsi="http://www.w3.org/2001/XMLSchema-instance" 
    xsi:schemaLocation="http://ulex.gov/publishdiscover/2.0 ../../xsd/ulex.gov/ulex-publish-discover/2.0/ulex-publish-discover.xsd">
    <ulex:PublishMessageContainer>
        <ulex:PublishMessage>
            <ulex:PDMessageMetadata>
                <ulex:ULEXFrameworkVersionText>2.0</ulex:ULEXFrameworkVersionText>
                <ulex:ULEXImplementation>
                    <ulex:ULEXImplementationVersionText>4.0</ulex:ULEXImplementationVersionText>
                    <ulex:ULEXImplementationName>LEXS</ulex:ULEXImplementationName>
                </ulex:ULEXImplementation>
                <ulex:MessageDateTime>2006-12-17T09:30:47.0Z</ulex:MessageDateTime>
                <wsa:MessageID>1</wsa:MessageID>
                <lexs:DataSensitivityText>SBU</lexs:DataSensitivityText>
                <ulex:PDMessageMetadataDomainAttribute>
                    <ulex:AttributeName>BOP_ITS_RecordType</ulex:AttributeName>
                    <ulex:AttributeValueText>BOP-ITS-CALL-LOG</ulex:AttributeValueText>
                    <ulex:DomainName>BOP_ITS</ulex:DomainName>
                </ulex:PDMessageMetadataDomainAttribute>
                <ulex:PDMessageMetadataDomainAttribute>
                    <ulex:AttributeName>BOP_ITS_SYSTEM_PLATFORM</ulex:AttributeName>
                    <ulex:AttributeValueText>HP-UX-11.23</ulex:AttributeValueText>
                    <ulex:DomainName>BOP_ITS</ulex:DomainName>
                </ulex:PDMessageMetadataDomainAttribute>
            </ulex:PDMessageMetadata>
            <!--=======================  Data Submitter Metadata  =======================-->
            <ulex:DataSubmitterMetadata>
                <lexs:SystemIdentifier>
                    <lexs:OriginatingAgencyID>ZZ1234567</lexs:OriginatingAgencyID>
                    <nc:OrganizationName>BOP</nc:OrganizationName>
                    <lexs:SystemID>ITS</lexs:SystemID>
                </lexs:SystemIdentifier>
                <lexs:SystemContact>
                    <nc:PersonGivenName>David</nc:PersonGivenName>
                    <nc:PersonSurName>Casillas</nc:PersonSurName>
                    <!-- Contact telephone number is required, other kinds of numbers optional -->
                    <nc:ContactTelephoneNumber>
                        <!-- Phone number listed here split into parts, although the full phone number field could be used instead or in addition to the parts -->
                        <nc:NANPTelephoneNumber>
                            <nc:TelephoneAreaCodeID>202</nc:TelephoneAreaCodeID>
                            <nc:TelephoneExchangeID>555</nc:TelephoneExchangeID>
                            <nc:TelephoneLineID>1212</nc:TelephoneLineID>
                        </nc:NANPTelephoneNumber>
                    </nc:ContactTelephoneNumber>
                </lexs:SystemContact>
            </ulex:DataSubmitterMetadata>
            <!-- A message may include one or more packages -->
            <ulex:DataItemPackage>
                <ulex:PackageMetadata>
                    <ulex:DataItemID>DIDR01037082Y2006M12D30T5034537912</ulex:DataItemID>
                    <ulex:DataItemCompleteIndicator>true</ulex:DataItemCompleteIndicator>
                    <!-- DataItemContact is the person(s) who can be contacted about the data item  -->
                    <!-- DataItemContact is optional, and there can be more than one -->
                    <lexs:DataItemContact>
                        <!-- PersonName may be a split out name, or both a split out name and a full name.  Last name is required. -->
                        <nc:PersonSurName>Casillas</nc:PersonSurName>
                        <nc:PersonFullName>David Casillas</nc:PersonFullName>
                        <!-- Contact telephone number is required, other kinds of numbers optional -->
                        <nc:ContactTelephoneNumber>
                            <!-- Full phone number listed here, although the phone number could be split into parts -->
                            <nc:FullTelephoneNumber>
                                <nc:TelephoneNumberFullID>333-444-5555 x6</nc:TelephoneNumberFullID>
                            </nc:FullTelephoneNumber>
                        </nc:ContactTelephoneNumber>
                    </lexs:DataItemContact>
                    <!-- DataItemReferenceID may be the same as the DataItemID, or may be a more human-readable version of DataItemID -->
                    <ulex:DataItemReferenceID>RIDR01037082Y2006M12D30T5034537912</ulex:DataItemReferenceID>
                    <ulex:DataItemPublishInstructionCode>Insert</ulex:DataItemPublishInstructionCode>
                    <lexs:DataItemStatusText>Valid</lexs:DataItemStatusText>
                    <!--=======================  Data Owner Metadata  =======================-->
                    <ulex:DataOwnerMetadata>
                        <lexs:DataOwnerIdentifier>
                            <lexs:OriginatingAgencyID>ZZ1234567</lexs:OriginatingAgencyID>
                            <nc:OrganizationName>BOP</nc:OrganizationName>
                            <lexs:SystemID>ITS</lexs:SystemID>
                        </lexs:DataOwnerIdentifier>
                        <lexs:DataOwnerContact>
                            <nc:PersonGivenName>David</nc:PersonGivenName>
                            <nc:PersonSurName>Casillas</nc:PersonSurName>
                            <nc:ContactTelephoneNumber>
                                <!-- Phone number listed here split into parts, although the full phone number field could be used instead or in addition to the parts -->
                                <nc:NANPTelephoneNumber>
                                    <nc:TelephoneAreaCodeID>202</nc:TelephoneAreaCodeID>
                                    <nc:TelephoneExchangeID>555</nc:TelephoneExchangeID>
                                    <nc:TelephoneLineID>1212</nc:TelephoneLineID>
                                </nc:NANPTelephoneNumber>
                            </nc:ContactTelephoneNumber>
                        </lexs:DataOwnerContact>
                    </ulex:DataOwnerMetadata>
                    <lexs:DisseminationCriteria>
                        <lexs:DisseminationCriteriaDomainName>NDEX</lexs:DisseminationCriteriaDomainName>
                        <lexs:DisseminationCriteriaText>white</lexs:DisseminationCriteriaText>
                    </lexs:DisseminationCriteria>
                </ulex:PackageMetadata>
                <lexs:Digest>
                    <lexsdigest:EntityPerson>
                        <!--Entity ID for Person = PID + Register# + Telephone#-->
                        <lexsdigest:Person s:id="PIDR01037082T5034537912">
                            <nc:PersonName>
                                <nc:PersonGivenName>Tommy</nc:PersonGivenName>
                                <nc:PersonMiddleName>Lee</nc:PersonMiddleName>
                                <nc:PersonSurName>Jones</nc:PersonSurName>
                            </nc:PersonName>
                            <lexsdigest:PersonAugmentation xsi:nil="false">
                                <lexsdigest:PersonBOPRegisterNumber>
                                    <nc:IdentificationID>01037082</nc:IdentificationID>
                                    <lexsdigest:BOPRegisterNumberOriginatorIndicator>true</lexsdigest:BOPRegisterNumberOriginatorIndicator>
                                </lexsdigest:PersonBOPRegisterNumber>
                            </lexsdigest:PersonAugmentation>
                        </lexsdigest:Person>
                    </lexsdigest:EntityPerson>
                    <lexsdigest:EntityTelephoneNumber>
                        <lexsdigest:TelephoneNumber s:id="TIDR01037082T5034537912">
                            <nc:FullTelephoneNumber>
                                <nc:TelephoneNumberFullID>5034537912</nc:TelephoneNumberFullID>
                            </nc:FullTelephoneNumber>
                        </lexsdigest:TelephoneNumber>
                    </lexsdigest:EntityTelephoneNumber>
                    <!--=======================  Associations  =======================-->
                    <lexsdigest:Associations>
                        <lexsdigest:InmateTelephoneCallLogAssociation>
                            <nc:AssociationBeginDate>
                                <nc:DateTime>2006-12-11T09:20:11.0Z</nc:DateTime>
                            </nc:AssociationBeginDate>
                            <nc:AssociationEndDate>
                                <nc:DateTime>2006-12-11T09:25:34.0Z</nc:DateTime>
                            </nc:AssociationEndDate>
                            <lexsdigest:OriginatorEntity>
                                <nc:EntityPersonReference s:ref="PIDR01037082T5034537912"/>
                            </lexsdigest:OriginatorEntity>
                            <lexsdigest:ReceiverTelephoneNumberReference s:ref="TIDR01037082T5034537912"/>
                        </lexsdigest:InmateTelephoneCallLogAssociation>
                        <lexsdigest:InmateTelephoneCallLogAssociation>
                            <nc:AssociationBeginDate>
                                <nc:DateTime>2006-12-01T09:20:11.0Z</nc:DateTime>
                            </nc:AssociationBeginDate>
                            <nc:AssociationEndDate>
                                <nc:DateTime>2006-12-01T09:25:34.0Z</nc:DateTime>
                            </nc:AssociationEndDate>
                            <lexsdigest:OriginatorEntity>
                                <nc:EntityPersonReference s:ref="PIDR01037082T5034537912"/>
                            </lexsdigest:OriginatorEntity>
                            <lexsdigest:ReceiverTelephoneNumberReference s:ref="TIDR01037082T5034537912"/>
                        </lexsdigest:InmateTelephoneCallLogAssociation>
                        <lexsdigest:InmateTelephoneCallLogAssociation>
                            <nc:AssociationBeginDate>
                                <nc:DateTime>2006-12-14T09:20:11.0Z</nc:DateTime>
                            </nc:AssociationBeginDate>
                            <lexsdigest:OriginatorEntity>
                                <nc:EntityPersonReference s:ref="PIDR01037082T5034537912"/>
                            </lexsdigest:OriginatorEntity>
                            <lexsdigest:ReceiverTelephoneNumberReference s:ref="TIDR01037082T5034537912"/>
                            <lexsdigest:CallDuration>P0Y0M0DT1H11M25S</lexsdigest:CallDuration>
                        </lexsdigest:InmateTelephoneCallLogAssociation>
                        <lexsdigest:InmateTelephoneCallLogAssociation>
                            <nc:AssociationBeginDate>
                                <nc:DateTime>2006-12-05T09:20:11.0Z</nc:DateTime>
                            </nc:AssociationBeginDate>
                            <nc:AssociationEndDate>
                                <nc:DateTime>2006-12-05T09:25:34.0Z</nc:DateTime>
                            </nc:AssociationEndDate>
                            <lexsdigest:OriginatorEntity>
                                <nc:EntityPersonReference s:ref="PIDR01037082T5034537912"/>
                            </lexsdigest:OriginatorEntity>
                            <lexsdigest:ReceiverTelephoneNumberReference s:ref="TIDR01037082T5034537912"/>
                        </lexsdigest:InmateTelephoneCallLogAssociation>
                    </lexsdigest:Associations>
                </lexs:Digest>
            </ulex:DataItemPackage>
        </ulex:PublishMessage>
        <ulex:PublishMessage>
            <ulex:PDMessageMetadata>
            <ulex:ULEXFrameworkVersionText>2.0</ulex:ULEXFrameworkVersionText>
                <ulex:ULEXImplementation>
                    <ulex:ULEXImplementationVersionText>4.0</ulex:ULEXImplementationVersionText>
                    <ulex:ULEXImplementationName>LEXS</ulex:ULEXImplementationName>
                </ulex:ULEXImplementation>
                <ulex:MessageDateTime>2006-12-17T09:30:47.0Z</ulex:MessageDateTime>
                <wsa:MessageID>2</wsa:MessageID>
                <lexs:DataSensitivityText>SBU</lexs:DataSensitivityText>
                <ulex:PDMessageMetadataDomainAttribute>
                    <ulex:AttributeName>BOP_ITS_RecordType</ulex:AttributeName>
                    <ulex:AttributeValueText>BOP-ITS-CALL-LOG</ulex:AttributeValueText>
                    <ulex:DomainName>BOP_ITS</ulex:DomainName>
                </ulex:PDMessageMetadataDomainAttribute>
                <ulex:PDMessageMetadataDomainAttribute>
                    <ulex:AttributeName>BOP_ITS_SYSTEM_PLATFORM</ulex:AttributeName>
                    <ulex:AttributeValueText>HP-UX-11.23</ulex:AttributeValueText>
                    <ulex:DomainName>BOP_ITS</ulex:DomainName>
                </ulex:PDMessageMetadataDomainAttribute>
            </ulex:PDMessageMetadata>
            <!--=======================  Data Submitter Metadata  =======================-->
            <ulex:DataSubmitterMetadata>
                <lexs:SystemIdentifier>
                    <lexs:OriginatingAgencyID>ZZ1234567</lexs:OriginatingAgencyID>
                    <nc:OrganizationName>BOP</nc:OrganizationName>
                    <lexs:SystemID>ITS</lexs:SystemID>
                </lexs:SystemIdentifier>
                <lexs:SystemContact>
                    <nc:PersonGivenName>David</nc:PersonGivenName>
                    <nc:PersonSurName>Casillas</nc:PersonSurName>
                    <!-- Contact telephone number is required, other kinds of numbers optional -->
                    <nc:ContactTelephoneNumber>
                        <!-- Phone number listed here split into parts, although the full phone number field could be used instead or in addition to the parts -->
                        <nc:NANPTelephoneNumber>
                            <nc:TelephoneAreaCodeID>202</nc:TelephoneAreaCodeID>
                            <nc:TelephoneExchangeID>555</nc:TelephoneExchangeID>
                            <nc:TelephoneLineID>1212</nc:TelephoneLineID>
                        </nc:NANPTelephoneNumber>
                    </nc:ContactTelephoneNumber>
                </lexs:SystemContact>
            </ulex:DataSubmitterMetadata>
            <!-- A message may include one or more packages -->
            <ulex:DataItemPackage>
                <ulex:PackageMetadata>
                    <ulex:DataItemID>DIDR01037082Y2006M12D30T5034537913</ulex:DataItemID>
                    <ulex:DataItemCompleteIndicator>true</ulex:DataItemCompleteIndicator>
                    <!-- DataItemContact is the person(s) who can be contacted about the data item  -->
                    <!-- DataItemContact is optional, and there can be more than one -->
                    <lexs:DataItemContact>
                        <!-- PersonName may be a split out name, or both a split out name and a full name.  Last name is required. -->
                        <nc:PersonSurName>Casillas</nc:PersonSurName>
                        <nc:PersonFullName>David Casillas</nc:PersonFullName>
                        <!-- Contact telephone number is required, other kinds of numbers optional -->
                        <nc:ContactTelephoneNumber>
                            <!-- Full phone number listed here, although the phone number could be split into parts -->
                            <nc:FullTelephoneNumber>
                                <nc:TelephoneNumberFullID>333-444-5555 x6</nc:TelephoneNumberFullID>
                            </nc:FullTelephoneNumber>
                        </nc:ContactTelephoneNumber>
                    </lexs:DataItemContact>
                    <ulex:DataItemDate>2006-12-13</ulex:DataItemDate>
                    <!-- DataItemReferenceID may be the same as the DataItemID, or may be a more human-readable version of DataItemID -->
                    <ulex:DataItemReferenceID>RIDR01037082Y2006M12D30T5034537913</ulex:DataItemReferenceID>
                    <ulex:DataItemPublishInstructionCode>Insert</ulex:DataItemPublishInstructionCode>
                    <lexs:DataItemStatusText>Valid</lexs:DataItemStatusText>
                    <ulex:DataOwnerMetadata>
                        <lexs:DataOwnerIdentifier>
                            <lexs:OriginatingAgencyID>ZZ1234567</lexs:OriginatingAgencyID>
                            <nc:OrganizationName>BOP</nc:OrganizationName>
                            <lexs:SystemID>ITS</lexs:SystemID>
                        </lexs:DataOwnerIdentifier>
                        <lexs:DataOwnerContact>
                            <nc:PersonGivenName>David</nc:PersonGivenName>
                            <nc:PersonSurName>Casillas</nc:PersonSurName>
                            <nc:ContactTelephoneNumber>
                                <!-- Phone number listed here split into parts, although the full phone number field could be used instead or in addition to the parts -->
                                <nc:NANPTelephoneNumber>
                                    <nc:TelephoneAreaCodeID>202</nc:TelephoneAreaCodeID>
                                    <nc:TelephoneExchangeID>555</nc:TelephoneExchangeID>
                                    <nc:TelephoneLineID>1212</nc:TelephoneLineID>
                                </nc:NANPTelephoneNumber>
                            </nc:ContactTelephoneNumber>
                        </lexs:DataOwnerContact>
                    </ulex:DataOwnerMetadata>
                    <lexs:DisseminationCriteria>
                        <lexs:DisseminationCriteriaDomainName>NDEX</lexs:DisseminationCriteriaDomainName>
                        <lexs:DisseminationCriteriaText>white</lexs:DisseminationCriteriaText>
                    </lexs:DisseminationCriteria>
                </ulex:PackageMetadata>
                <lexs:Digest>
                    <lexsdigest:EntityPerson>
                        <lexsdigest:Person s:id="PIDR01037082T5034537913">
                            <nc:PersonName>
                                <nc:PersonGivenName>Tommy</nc:PersonGivenName>
                                <nc:PersonMiddleName>Lee</nc:PersonMiddleName>
                                <nc:PersonSurName>Jones</nc:PersonSurName>
                            </nc:PersonName>
                            <lexsdigest:PersonAugmentation xsi:nil="false">
                                <lexsdigest:PersonBOPRegisterNumber>
                                    <nc:IdentificationID>01037082</nc:IdentificationID>
                                    <lexsdigest:BOPRegisterNumberOriginatorIndicator>true</lexsdigest:BOPRegisterNumberOriginatorIndicator>
                                </lexsdigest:PersonBOPRegisterNumber>
                            </lexsdigest:PersonAugmentation>
                        </lexsdigest:Person>
                    </lexsdigest:EntityPerson>
                    <lexsdigest:EntityTelephoneNumber>
                        <lexsdigest:TelephoneNumber s:id="TIDR01037082T5034537913">
                            <nc:FullTelephoneNumber>
                                <nc:TelephoneNumberFullID>5034537913</nc:TelephoneNumberFullID>
                            </nc:FullTelephoneNumber>
                        </lexsdigest:TelephoneNumber>
                    </lexsdigest:EntityTelephoneNumber>
                    <!--=======================  Associations  =======================-->
                    <lexsdigest:Associations>
                        <lexsdigest:InmateTelephoneCallLogAssociation>
                            <nc:AssociationBeginDate>
                                <nc:DateTime>2006-12-12T09:20:11.0Z</nc:DateTime>
                            </nc:AssociationBeginDate>
                            <nc:AssociationEndDate>
                                <nc:DateTime>2006-12-12T09:25:34.0Z</nc:DateTime>
                            </nc:AssociationEndDate>
                            <lexsdigest:OriginatorEntity><nc:EntityPersonReference s:ref="PIDR01037082T5034537913"/></lexsdigest:OriginatorEntity>
                            <lexsdigest:ReceiverTelephoneNumberReference s:ref="TIDR01037082T5034537913"/>
                        </lexsdigest:InmateTelephoneCallLogAssociation>
                        <lexsdigest:InmateTelephoneCallLogAssociation>
                            <nc:AssociationBeginDate>
                                <nc:DateTime>2006-12-02T09:20:11.0Z</nc:DateTime>
                            </nc:AssociationBeginDate>
                            <nc:AssociationEndDate>
                                <nc:DateTime>2006-12-02T09:25:34.0Z</nc:DateTime>
                            </nc:AssociationEndDate>
                            <lexsdigest:OriginatorEntity><nc:EntityPersonReference s:ref="PIDR01037082T5034537913"/></lexsdigest:OriginatorEntity>
                            <lexsdigest:ReceiverTelephoneNumberReference s:ref="TIDR01037082T5034537913"/>
                        </lexsdigest:InmateTelephoneCallLogAssociation>
                        <lexsdigest:InmateTelephoneCallLogAssociation>
                            <nc:AssociationBeginDate>
                                <nc:DateTime>2006-12-05T09:20:11.0Z</nc:DateTime>
                            </nc:AssociationBeginDate>
                            <lexsdigest:OriginatorEntity><nc:EntityPersonReference s:ref="PIDR01037082T5034537913"/></lexsdigest:OriginatorEntity>
                            <lexsdigest:ReceiverTelephoneNumberReference s:ref="TIDR01037082T5034537913"/>
                            <lexsdigest:CallDuration>P0Y0M0DT1H11M25S</lexsdigest:CallDuration>
                        </lexsdigest:InmateTelephoneCallLogAssociation>
                        <lexsdigest:InmateTelephoneCallLogAssociation>
                            <nc:AssociationBeginDate>
                                <nc:DateTime>2006-12-05T09:20:11.0Z</nc:DateTime>
                            </nc:AssociationBeginDate>
                            <nc:AssociationEndDate>
                                <nc:DateTime>2006-12-02T09:25:34.0Z</nc:DateTime>
                            </nc:AssociationEndDate>
                            <lexsdigest:OriginatorEntity><nc:EntityPersonReference s:ref="PIDR01037082T5034537913"/></lexsdigest:OriginatorEntity>
                            <lexsdigest:ReceiverTelephoneNumberReference s:ref="TIDR01037082T5034537913"/>
                        </lexsdigest:InmateTelephoneCallLogAssociation>
                    </lexsdigest:Associations>
                </lexs:Digest>
            </ulex:DataItemPackage>
        </ulex:PublishMessage>
    </ulex:PublishMessageContainer>
</ulexpd:doPublish>