<?xml version="1.0" encoding="UTF-8"?>
<!-- 
    Document: $Id: doPublish-two-payloads.xml 28465 2011-09-28 14:58:24Z ys34 $
    Original: 11/9/2009
    LEXS version  : 4.0
    ULEX version : 2.0
    Description   : 
		Sample XML instance for the publish message with two structured payloads. 
-->
<ulexpd:doPublish 
    xmlns:new="http://somewhere.gov/new-community" 
    xmlns:ulex="http://ulex.gov/ulex/2.0" 
    xmlns:ulexpd="http://ulex.gov/publishdiscover/2.0"    
    xmlns:ulexcodes="http://ulex.gov/codes/2.0"    
    xmlns:ulexlib="http://ulex.gov/library/2.0"
    
    xmlns:j="http://niem.gov/niem/domains/jxdm/4.1"
    xmlns:nc="http://niem.gov/niem/niem-core/2.0"
    xmlns:em="http://niem.gov/niem/domains/emergencyManagement/2.1" 
    xmlns:im="http://niem.gov/niem/domains/immigration/2.1" 
    xmlns:scr="http://niem.gov/niem/domains/screening/2.1"
    xmlns:s="http://niem.gov/niem/structures/2.0"
    xmlns:lexs="http://lexs.gov/lexs/4.0" 
    xmlns:wsa="http://www.w3.org/2005/08/addressing"
    xmlns:lexsdigest="http://lexs.gov/digest/4.0"

    xmlns:xsi="http://www.w3.org/2001/XMLSchema-instance" 
    xsi:schemaLocation="http://ulex.gov/publishdiscover/2.0 ../../xsd/ulex.gov/ulex-publish-discover/2.0/ulex-publish-discover.xsd">
    <ulex:PublishMessageContainer>
        <ulex:PublishMessage>
            <ulex:PDMessageMetadata>
                <ulex:ULEXFrameworkVersionText>2.0</ulex:ULEXFrameworkVersionText>
                <ulex:ULEXImplementation>
                    <ulex:ULEXImplementationVersionText>4.0</ulex:ULEXImplementationVersionText>
                    <ulex:ULEXImplementationName>LEXS</ulex:ULEXImplementationName>
                </ulex:ULEXImplementation>
                <ulex:MessageDateTime>2006-12-17T09:30:47.0Z</ulex:MessageDateTime>
                <wsa:MessageID>10</wsa:MessageID>
                <lexs:DataSensitivityText>SBU</lexs:DataSensitivityText>
            </ulex:PDMessageMetadata>
            <!--=======================  Data Submitter Metadata  =======================-->
            <ulex:DataSubmitterMetadata>
                <lexs:SystemIdentifier>
                    <nc:OrganizationName>Hypothetical Organization C</nc:OrganizationName>
                    <lexs:SystemID>SysC</lexs:SystemID>
                </lexs:SystemIdentifier>
                <lexs:SystemContact>
                    <nc:PersonGivenName>Michael</nc:PersonGivenName>
                    <nc:PersonSurName>Park</nc:PersonSurName>
                    <!-- Contact telephone number is required, other kinds of numbers optional -->
                    <nc:ContactTelephoneNumber>
                        <!-- Phone number listed here split into parts, although the full phone number field could be used instead or in addition to the parts -->
                        <nc:NANPTelephoneNumber>
                            <nc:TelephoneAreaCodeID>202</nc:TelephoneAreaCodeID>
                            <nc:TelephoneExchangeID>555</nc:TelephoneExchangeID>
                            <nc:TelephoneLineID>1212</nc:TelephoneLineID>
                        </nc:NANPTelephoneNumber>
                    </nc:ContactTelephoneNumber>
                </lexs:SystemContact>
            </ulex:DataSubmitterMetadata>
            <!-- A message may include one or more packages -->
            <ulex:DataItemPackage>
                <ulex:PackageMetadata>
                    <ulex:DataItemID>12345678</ulex:DataItemID>
                    <ulex:DataItemCompleteIndicator>false</ulex:DataItemCompleteIndicator>
                    <!-- DataItemContact is the person(s) who can be contacted about the data item  -->
                    <!-- DataItemContact is optional, and there can be more than one -->
                    <lexs:DataItemContact>
                        <!-- PersonName may be a split out name, or both a split out name and a full name.  Last name is required. -->
                        <nc:PersonSurName>Smith</nc:PersonSurName>
                        <nc:PersonFullName>Mary Jones-Smith</nc:PersonFullName>
                        <!-- Contact telephone number is required, other kinds of numbers optional -->
                        <nc:ContactTelephoneNumber>
                            <!-- Full phone number listed here, although the phone number could be split into parts -->
                            <nc:FullTelephoneNumber>
                                <nc:TelephoneNumberFullID>333-444-5555 x6</nc:TelephoneNumberFullID>
                            </nc:FullTelephoneNumber>
                        </nc:ContactTelephoneNumber>
                    </lexs:DataItemContact>
                    <ulex:DataItemDate>1967-08-13</ulex:DataItemDate>
                    <!-- DataItemReferenceID may be the same as the DataItemID, or may be a more human-readable version of DataItemID -->
                    <ulex:DataItemReferenceID>12345678</ulex:DataItemReferenceID>
                    <ulex:DataItemPublishInstructionCode>Insert</ulex:DataItemPublishInstructionCode>
                    <lexs:DataItemStatusText>Valid</lexs:DataItemStatusText>
                    <!--=======================  Data Owner Metadata  =======================-->
                    <ulex:DataOwnerMetadata>
                        <lexs:DataOwnerIdentifier>
                            <lexs:OriginatingAgencyID>AA1234567</lexs:OriginatingAgencyID>
                            <nc:OrganizationName>Hypothetical Agency A</nc:OrganizationName>
                            <lexs:SystemID>SysA</lexs:SystemID>
                        </lexs:DataOwnerIdentifier>
                        <lexs:DataOwnerContact>
                            <nc:PersonGivenName>Will</nc:PersonGivenName>
                            <nc:PersonSurName>Jones</nc:PersonSurName>
                            <nc:ContactTelephoneNumber>
                                <nc:FullTelephoneNumber>
                                    <nc:TelephoneNumberFullID>111-222-3333</nc:TelephoneNumberFullID>
                                </nc:FullTelephoneNumber>
                            </nc:ContactTelephoneNumber>
                        </lexs:DataOwnerContact>
                    </ulex:DataOwnerMetadata>
                    <lexs:DisseminationCriteria>
                        <lexs:DisseminationCriteriaDomainName>NDEX</lexs:DisseminationCriteriaDomainName>
                        <lexs:DisseminationCriteriaText>white</lexs:DisseminationCriteriaText>
                    </lexs:DisseminationCriteria>
                </ulex:PackageMetadata>
                <lexs:Digest>
                    <!--=======================  Person  =======================-->
                    <lexsdigest:EntityPerson>
                        <lexsdigest:Person s:id="Person1">
                            <nc:PersonAlternateName s:id="AltName1">
                                <nc:PersonGivenName>Bill</nc:PersonGivenName>
                                <nc:PersonSurName>Smith</nc:PersonSurName>
                            </nc:PersonAlternateName>
                            <nc:PersonAlternateName s:id="AltName2">
                                <nc:PersonGivenName>John</nc:PersonGivenName>
                                <nc:PersonSurName>Doe</nc:PersonSurName>
                            </nc:PersonAlternateName>
                        </lexsdigest:Person>
                    </lexsdigest:EntityPerson>
                </lexs:Digest>
                <!--======================= Structured Payload #1 ======================-->
                <ulex:StructuredPayload ulexlib:id="SP1">
                    <ulex:StructuredPayloadMetadata>
                        <ulex:CommunityURI>http://fbi.gov/cjis/N-DEx/IncidentArrest/2.x</ulex:CommunityURI>
                        <ulex:CommunityDescriptionText>N-DEx IncidentArrest</ulex:CommunityDescriptionText>
                        <ulex:CommunityVersionText>2.x</ulex:CommunityVersionText>
                    </ulex:StructuredPayloadMetadata>
                    <ulex:StructuredPayloadContent>
						<ndexia:ArrestReport 
							xmlns:ndexia="http://fbi.gov/cjis/N-DEx/IncidentArrest/2.1" 
							xmlns:mmucc_2="http://niem.gov/niem/mmucc_2/2.0" 
							xmlns:fbi="http://niem.gov/niem/fbi/2.0" 
							xmlns:ndexiacodes="http://fbi.gov/cjis/N-DEx/IncidentArrest/codes/2.1">
							<ndexia:Person s:id="SP1Person1"> 
							  <nc:PersonAlternateName s:id="SP1AltName1">
								  <nc:PersonMaidenName>Doe</nc:PersonMaidenName>
							  </nc:PersonAlternateName>
							  <nc:PersonPhysicalFeature s:id="SP1Feature1">
                                    <nc:PhysicalFeatureDescriptionText>Tattoo</nc:PhysicalFeatureDescriptionText>
							  </nc:PersonPhysicalFeature>
							  <nc:PersonResidentCode>R</nc:PersonResidentCode>
							</ndexia:Person> 
                            <!-- IRC Address is an element for which there is no corresponding Digest element -->
                            <ndexia:IRCAddress s:id="IRC1">
                                <ndexia:UserName>xyz</ndexia:UserName>
                                <ndexia:System>abc</ndexia:System>
                            </ndexia:IRCAddress>
                        </ndexia:ArrestReport>
                    </ulex:StructuredPayloadContent>
                </ulex:StructuredPayload>
                <!--======================= Structured Payload #2 ======================-->
                <ulex:StructuredPayload ulexlib:id="SP2">
                    <ulex:StructuredPayloadMetadata>
                        <ulex:CommunityURI>http://fbi.gov/cjis/N-DEx/IncarcerationBookingProbationParole/2.x</ulex:CommunityURI>
                        <ulex:CommunityDescriptionText>N-DEx IncarcerationBookingProbationParole</ulex:CommunityDescriptionText>
                        <ulex:CommunityVersionText>2.x</ulex:CommunityVersionText>
                    </ulex:StructuredPayloadMetadata>
                    <ulex:StructuredPayloadContent>
                        <ndexibp2:WarrantInvestigationReport 
							xmlns:nc="http://niem.gov/niem/niem-core/2.0" 
							xmlns:ansi-nist="http://niem.gov/niem/ansi-nist/2.0" 
							xmlns:j="http://niem.gov/niem/domains/jxdm/4.0" 
							xmlns:fbi="http://niem.gov/niem/fbi/2.0" 
							xmlns:ndexibp2="http://fbi.gov/cjis/N-DEx/IncarcerationBookingProbationParole/2.1" 
							xmlns:ndexibp2codes="http://fbi.gov/cjis/N-DEx/IncarcerationBookingProbationParole/codes/2.1" 
							xmlns:s="http://niem.gov/niem/structures/2.0" 
							xmlns:scr="http://niem.gov/niem/domains/screening/2.0">
							<ndexibp2:Person s:id="SPPerson2">
							  <nc:PersonAlternateName s:id="SPPersonName2">
								  <nc:PersonMaidenName>Doe</nc:PersonMaidenName>
							  </nc:PersonAlternateName>							
								<nc:PersonEthnicityCode>N</nc:PersonEthnicityCode>
								<j:PersonAugmentation>
									<j:PersonRegisteredOffenderIndicator>false</j:PersonRegisteredOffenderIndicator>
								</j:PersonAugmentation>
								<ndexibp2:PersonAugmentation>
									<ndexibp2:PersonForeignNationalIndicator>false</ndexibp2:PersonForeignNationalIndicator>
								</ndexibp2:PersonAugmentation>
							</ndexibp2:Person>
                            <ndexibp2:IRCAddress s:id="SPIRCAddr1">
                                <ndexibp2:FirstUseDate>2000-01-01</ndexibp2:FirstUseDate>
                            </ndexibp2:IRCAddress>
                        </ndexibp2:WarrantInvestigationReport>
                    </ulex:StructuredPayloadContent>
                </ulex:StructuredPayload>
                <!--=======================  Link objects from the structured payload to the digest  =======================-->
                <ulex:Linkages>
                    <ulexlib:SameAsConnection>
                        <ulexlib:DigestObjectReference ulexlib:validatingObjectReference="AltName1"/>
                        <ulexlib:StructuredPayloadObjectReference ulexlib:structuredPayloadReference="SP1" ulexlib:nonValidatingObjectReference="SP1AltName1"/>
                    </ulexlib:SameAsConnection>
                    <ulexlib:SameAsConnection>
                        <ulexlib:StructuredPayloadObjectReference ulexlib:structuredPayloadReference="SP1" ulexlib:nonValidatingObjectReference="SP1AltName1"/>
                        <ulexlib:StructuredPayloadObjectReference ulexlib:structuredPayloadReference="SP2" ulexlib:nonValidatingObjectReference="SPPersonName2"/>
                    </ulexlib:SameAsConnection>
                    <ulexlib:SameAsConnection>
                        <ulexlib:DigestObjectReference ulexlib:validatingObjectReference="Person1"/>
                        <ulexlib:StructuredPayloadObjectReference ulexlib:structuredPayloadReference="SP2" ulexlib:nonValidatingObjectReference="SPPerson2"/>
                    </ulexlib:SameAsConnection>
                    <ulexlib:SameAsConnection>
                        <ulexlib:StructuredPayloadObjectReference ulexlib:structuredPayloadReference="SP1" ulexlib:nonValidatingObjectReference="IRC1"/>
                        <ulexlib:StructuredPayloadObjectReference ulexlib:structuredPayloadReference="SP2" ulexlib:nonValidatingObjectReference="SPIRCAddr1"/>
                    </ulexlib:SameAsConnection>
                </ulex:Linkages>
            </ulex:DataItemPackage>    
        </ulex:PublishMessage>
    </ulex:PublishMessageContainer>
</ulexpd:doPublish>