<?xml version="1.0" encoding="UTF-8"?>
<!--
    LEXS version  : 3.1.4
    Description   : 
    	Sample XML instance for the ICAOS Pilot Project Service publish message 
-->
<lexspd:doPublish xmlns:xsi="http://www.w3.org/2001/XMLSchema-instance"
 xsi:schemaLocation="http://usdoj.gov/leisp/lexs/publishdiscover/3.1 CompactOffenderProfile-LEXS.xml"
 xmlns:s="http://niem.gov/niem/structures/2.0"
 xmlns:nc="http://niem.gov/niem/niem-core/2.0"
 xmlns:lexsdigest="http://usdoj.gov/leisp/lexs/digest/3.1"
 xmlns:lexspd="http://usdoj.gov/leisp/lexs/publishdiscover/3.1"
 xmlns:j="http://niem.gov/niem/domains/jxdm/4.0"
 xmlns:lexs="http://usdoj.gov/leisp/lexs/3.1"
 xmlns:icaos="http://www.interstatecompact.org/CompactOffenderSP/1.0"
 xmlns:lexslib="http://usdoj.gov/leisp/lexs/library/3.1">
    <lexs:PublishMessageContainer>
        <lexs:PublishMessage>
            <lexs:PDMessageMetadata>
                <lexs:LEXSVersion>3.1.4</lexs:LEXSVersion>
                <lexs:MessageDateTime>2011-09-16T09:30:47.0Z</lexs:MessageDateTime>
                <lexs:MessageSequenceNumber>1</lexs:MessageSequenceNumber>
                <lexs:DataSensitivity>SBU</lexs:DataSensitivity>
            </lexs:PDMessageMetadata>
            <!--=======================  Data Submitter Metadata  =======================-->
            <lexs:DataSubmitterMetadata>
                <lexs:SystemIdentifier>
                    <nc:OrganizationName>ICAOS</nc:OrganizationName>
                    <lexs:SystemID>ICOTS</lexs:SystemID>
                </lexs:SystemIdentifier>
                 <lexs:SystemContact>
                    <nc:PersonGivenName></nc:PersonGivenName>
                    <nc:PersonSurName></nc:PersonSurName>
                    <!-- Contact telephone number is required, other kinds of numbers optional -->
                    <nc:ContactTelephoneNumber>
                        <!-- Phone number listed here split into parts, although the full phone number field could be used instead or in addition to the parts -->
                        <nc:NANPTelephoneNumber>
                            <nc:TelephoneAreaCodeID>202</nc:TelephoneAreaCodeID>
                            <nc:TelephoneExchangeID>555</nc:TelephoneExchangeID>
                            <nc:TelephoneLineID>1212</nc:TelephoneLineID>
                        </nc:NANPTelephoneNumber>
                    </nc:ContactTelephoneNumber>
                </lexs:SystemContact>
            </lexs:DataSubmitterMetadata>
            <!--=======================  Package  =======================-->
            <lexs:DataItemPackage s:id="DataItemPackage">
                <lexs:PackageMetadata>
                    <lexs:DataItemID>12345679</lexs:DataItemID>
                    <!-- DataItemReferenceID may be the same as the DataItemID, or may be a more human-readable version of DataItemID -->
                    <lexs:DataItemReferenceID>Compact Offender Profile</lexs:DataItemReferenceID>
                    <lexs:DataItemStatus>Offender Profile at the Message DateTime</lexs:DataItemStatus>
                    <!--=======================  Data Owner Metadata  =======================-->
                    <lexs:DataOwnerMetadata>
                        <lexs:DataOwnerIdentifier>
                            <lexs:OriginatingAgencyID>AA1234567</lexs:OriginatingAgencyID>
                            <nc:OrganizationName>ICAOS</nc:OrganizationName>
                            <lexs:SystemID>ICOTS</lexs:SystemID>
                        </lexs:DataOwnerIdentifier>
                        <lexs:DataOwnerContact>
                            <nc:PersonGivenName></nc:PersonGivenName>
                            <nc:PersonSurName></nc:PersonSurName>
                            <nc:ContactTelephoneNumber>
                                <nc:FullTelephoneNumber>
                                    <nc:TelephoneNumberFullID>111-222-3333</nc:TelephoneNumberFullID>
                                </nc:FullTelephoneNumber>
                            </nc:ContactTelephoneNumber>
                        </lexs:DataOwnerContact>
                    </lexs:DataOwnerMetadata>
                    <lexs:DisseminationCriteria>white</lexs:DisseminationCriteria>
                </lexs:PackageMetadata>
                <!--=======================  Digest  =======================-->
                <lexs:Digest>
					<lexsdigest:EntityDocument>
						<nc:Document>
							<nc:DocumentCreationDate>
								<nc:Date>2011-09-16</nc:Date>
							</nc:DocumentCreationDate>
							<nc:DocumentIdentification>
								<nc:IdentificationID>ICAOS-0212344</nc:IdentificationID>
							</nc:DocumentIdentification>
						</nc:Document>
					</lexsdigest:EntityDocument>
                <lexsdigest:EntityActivity>
                        <nc:Activity s:id="OffenderArrival">
                            <nc:ActivityDate>
                                <nc:Date>2011-09-16</nc:Date>
                            </nc:ActivityDate>
                            <nc:ActivityDescriptionText>ArrivalNoticeDateTransmitted</nc:ActivityDescriptionText>
                        </nc:Activity>
                </lexsdigest:EntityActivity>
                <lexsdigest:EntityActivity>
                    <nc:Activity s:id="CaseStatus">
                        <nc:ActivityIdentification>
                            <nc:IdentificationStatus>
                                <nc:StatusDescriptionText>Code</nc:StatusDescriptionText>
                            </nc:IdentificationStatus>
                        </nc:ActivityIdentification>
                    </nc:Activity>
                </lexsdigest:EntityActivity>
                <lexsdigest:EntityActivity>
                    <nc:Activity s:id="Offense-1">
						<nc:ActivityCategoryText>NCIC Code (e.g., 2101)</nc:ActivityCategoryText>
                        <nc:ActivityDescriptionText>NCIC Offense Code Description</nc:ActivityDescriptionText>
                    </nc:Activity>
                </lexsdigest:EntityActivity>
				<lexsdigest:EntityPerson>
					<lexsdigest:Person s:id="Offender">
						<nc:PersonAlternateName>
							<nc:PersonFullName>Alias 1</nc:PersonFullName>
						</nc:PersonAlternateName>
						<nc:PersonAlternateName>
							<nc:PersonFullName>Alias 2</nc:PersonFullName>
						</nc:PersonAlternateName>
						<nc:PersonBirthDate>
							<nc:Date>1956-03-23</nc:Date>
						</nc:PersonBirthDate>
						<nc:PersonBirthDate>
							<nc:Date>1955-03-20</nc:Date>
						</nc:PersonBirthDate>
						<nc:PersonName>
							<nc:PersonGivenName>Joseph</nc:PersonGivenName>
							<nc:PersonMiddleName>A</nc:PersonMiddleName>
							<nc:PersonSurName>Smith</nc:PersonSurName>
						</nc:PersonName>
						<nc:PersonOtherIdentification s:id="Offender-IcotsID">
							<nc:IdentificationID>ID</nc:IdentificationID>
						</nc:PersonOtherIdentification>
						<nc:PersonOtherIdentification s:id="StateID-1">
							<nc:IdentificationID>ID</nc:IdentificationID>
						</nc:PersonOtherIdentification>
						<nc:PersonOtherIdentification s:id="StateID-2">
							<nc:IdentificationID>ID</nc:IdentificationID>
						</nc:PersonOtherIdentification>
						<nc:PersonRaceCode>W</nc:PersonRaceCode>
						<nc:PersonSexCode>M</nc:PersonSexCode>
						</lexsdigest:Person>
						<j:RegisteredSexOffender>
							<j:RegisteredOffenderDescription>"TERM" or "LIFETIME" (or blank)</j:RegisteredOffenderDescription>
						</j:RegisteredSexOffender>
                    </lexsdigest:EntityPerson>
                    <lexsdigest:EntityPerson>
						<lexsdigest:Person s:id="Supervisor">
						   <nc:PersonName>
								<nc:PersonFullName>Bachman, Randy</nc:PersonFullName>
							</nc:PersonName>
						</lexsdigest:Person>
                    </lexsdigest:EntityPerson>
					<lexsdigest:EntityLocation>
						<nc:Location s:id="Residence">
							<nc:LocationAddress>
								<nc:StructuredAddress>
									<nc:LocationStreet>
										<nc:StreetFullText>123 South Main St</nc:StreetFullText>
									</nc:LocationStreet>
									<nc:LocationCityName>Dallas</nc:LocationCityName>
									<nc:LocationStateName>TX</nc:LocationStateName>
									<nc:LocationPostalCode>29487</nc:LocationPostalCode>
								</nc:StructuredAddress>
							</nc:LocationAddress>
						</nc:Location>
					</lexsdigest:EntityLocation>				
					<lexsdigest:EntityLocation>
						<nc:Location s:id="ReceivingLocation">
							<nc:LocationAddress>
								<nc:StructuredAddress>
									<nc:LocationStateName>AL</nc:LocationStateName>
								</nc:StructuredAddress>
							</nc:LocationAddress>
						</nc:Location>
					</lexsdigest:EntityLocation>
					<lexsdigest:EntityLocation>
						<nc:Location s:id="SendingLocation">
							<nc:LocationAddress>
								<nc:StructuredAddress>
									<nc:LocationStateName>TX</nc:LocationStateName>
								</nc:StructuredAddress>
							</nc:LocationAddress>
						</nc:Location>
					</lexsdigest:EntityLocation>
					<lexsdigest:EntityOrganization>
						<nc:Organization s:id="ReceivingState">
						<nc:OrganizationCategoryText>Receiving State</nc:OrganizationCategoryText>
						</nc:Organization>
					</lexsdigest:EntityOrganization>
					<lexsdigest:EntityOrganization>
						<nc:Organization s:id="SendingState">
							<nc:OrganizationCategoryText>Sending State</nc:OrganizationCategoryText>
						</nc:Organization>
					</lexsdigest:EntityOrganization>
					<lexsdigest:EntityOrganization>
						<nc:Organization s:id="Gang">
							<nc:OrganizationCategoryText>ICOTS Gang Code</nc:OrganizationCategoryText>
						</nc:Organization>
					</lexsdigest:EntityOrganization>
                    <lexsdigest:EntityTelephoneNumber s:id="Telephone">
                        <lexsdigest:TelephoneNumber>
                            <nc:FullTelephoneNumber>
                                <nc:TelephoneNumberFullID>745-090-9345</nc:TelephoneNumberFullID>
                            </nc:FullTelephoneNumber>
                        </lexsdigest:TelephoneNumber>
                    </lexsdigest:EntityTelephoneNumber>
                    <lexsdigest:EntityEmail s:id="Email">
						<nc:ContactEmailID>rbachman@agency.doc.gov</nc:ContactEmailID>
					</lexsdigest:EntityEmail>
                    <!--=======================  Associations  =======================-->
					<lexsdigest:Associations>
						<lexsdigest:EntityEmailAssociation>
							<nc:PersonReference s:ref="Supervisor"/>
							 <lexsdigest:EmailIDReference s:ref="Email"/>
						</lexsdigest:EntityEmailAssociation>
                        <lexsdigest:EntityPersonImageAssociation>
                            <lexsdigest:EntityReference s:ref="Offender"/>
                            <lexsdigest:AttachmentLinkReference s:ref="OffenderImage"/>
                        </lexsdigest:EntityPersonImageAssociation>
                    	<lexsdigest:EntityTelephoneNumberAssociation>
							<nc:PersonReference s:ref="Supervisor"/>
                            <lexsdigest:TelephoneNumberReference s:ref="Telephone"/>
                        </lexsdigest:EntityTelephoneNumberAssociation>
                        <lexsdigest:OffenseSubjectPersonAssociation>
                            <nc:ActivityReference s:ref="Offense-1"/>
                            <nc:PersonReference s:ref="Offender"/>
                        </lexsdigest:OffenseSubjectPersonAssociation>
						<nc:LocationOrganizationAssociation>
							<nc:LocationReference s:ref="ReceivingLocation"/>
							<nc:OrganizationReference s:ref="ReceivingState"/>
						</nc:LocationOrganizationAssociation>
						<nc:LocationOrganizationAssociation>
							<nc:LocationReference s:ref="SendingLocation"/>
							<nc:OrganizationReference s:ref="SendingState"/>
						</nc:LocationOrganizationAssociation>
                       <nc:PersonGangAssociation>
							<nc:PersonReference s:ref="Offender"/>
							<nc:OrganizationReference s:ref="Gang"/>
						</nc:PersonGangAssociation>
                       	<nc:ResidenceAssociation>
							<nc:PersonReference s:ref="Offender"/>
							<nc:LocationReference s:ref="Residence"/>
						</nc:ResidenceAssociation>
                    </lexsdigest:Associations>
                </lexs:Digest>
                <!--======================= Data from another community ======================-->
                <lexs:StructuredPayload>
                    <lexs:StructuredPayloadMetadata>
                        <!-- URI is an identifier that uniquely identifies the community (or program)  that defined the schema for this structured payload.  -->
                        <!-- This should be the namespace for the the structured payload. -->
                        <lexs:CommunityURI>http://www.interstatecompact.org/CompactOffenderProfileSP/1.0</lexs:CommunityURI>
                        <!-- Description is an abbreviation or name for the community (or program), such as NDEx or RDEx -->
                        <lexs:CommunityDescription>ICAOS</lexs:CommunityDescription>
                        <!-- Version is the version for the community providing the information, so for example version 2.1b -->
                        <lexs:CommunityVersion>1.0</lexs:CommunityVersion>
                    </lexs:StructuredPayloadMetadata>
                    <icaos:OffenderProfileSP>
						<icaos:ParoleIndicator>true</icaos:ParoleIndicator>
						<icaos:ProbationIndicator>true</icaos:ProbationIndicator>
						<icaos:Supervision>
							<icaos:SupervisionSupervisor>
								<lexslib:SameAsDigestReference lexslib:ref="Supervisor"/>
							</icaos:SupervisionSupervisor>
							<icaos:SupervisionPerson>
								<lexslib:SameAsDigestReference lexslib:ref="Offender"/>
							</icaos:SupervisionPerson>
						</icaos:Supervision>
						<icaos:SupervisionCountyList>
							<icaos:LocationCountyName>Clarke</icaos:LocationCountyName>
							<icaos:LocationCountyName>Lewis</icaos:LocationCountyName>
							<icaos:LocationCountyName>Moon</icaos:LocationCountyName>
						</icaos:SupervisionCountyList>
						<icaos:OtherResidentList>
							<nc:PersonFullName>Henry Lake</nc:PersonFullName>
							<nc:PersonFullName>Dewey E Grossman</nc:PersonFullName>
						</icaos:OtherResidentList>
					</icaos:OffenderProfileSP>
                </lexs:StructuredPayload>
        <!--=======================  Message Attachment Link  =======================--> 
                <lexs:AttachmentLink s:id="OffenderImage">
                    <lexs:AttachmentURI>http://www.interstatecompact.org/image1.jpg</lexs:AttachmentURI>
                    <lexs:AttachmentViewableIndicator>true</lexs:AttachmentViewableIndicator>
                    <nc:BinaryDescriptionText>Photo of Compact Offender</nc:BinaryDescriptionText>
                </lexs:AttachmentLink>
            </lexs:DataItemPackage>
        <!--=======================  Message Attachment =======================-->
			<lexs:Attachment>
				<lexs:AttachmentURI>http://www.interstatecompact.org/image1.jpg</lexs:AttachmentURI>
				<nc:Binary>
					<nc:BinaryID>BIN 14472</nc:BinaryID>
					<!-- Binary Object -->
					<nc:BinaryBase64Object>758SDGFG</nc:BinaryBase64Object>
				</nc:Binary>
			</lexs:Attachment>
        </lexs:PublishMessage>
    </lexs:PublishMessageContainer>
</lexspd:doPublish>
