<?xml version="1.0" encoding="UTF-8"?>
<!--Sample XML file generated by XMLSpy v2007 rel. 3 sp1 (http://www.altova.com)-->
<ep:OffenderProfileSP xsi:schemaLocation="http://www.interstatecompact.org/CompactOffenderProfileSP/1.0 ../XMLSchemas/CompactOffenderProfileSP.xsd" xmlns:nc="http://niem.gov/niem/niem-core/2.0" xmlns:lexslib="http://usdoj.gov/leisp/lexs/library/3.1" xmlns:ep="http://www.interstatecompact.org/CompactOffenderProfileSP/1.0" xmlns:icaos="http://www.interstatecompact.org/CompactOffenderProfileSP/Extension/1.0" xmlns:xsi="http://www.w3.org/2001/XMLSchema-instance">
	<icaos:ParoleIndicator>true</icaos:ParoleIndicator>
	<icaos:ProbationIndicator>true</icaos:ProbationIndicator>
	<icaos:Supervision>
		<icaos:SupervisionSupervisor>
			<lexslib:SameAsDigestReference lexslib:ref="Suprvsr"/>
		</icaos:SupervisionSupervisor>
		<icaos:SupervisionPerson>
			<lexslib:SameAsDigestReference lexslib:ref="Offender"/>
		</icaos:SupervisionPerson>
	</icaos:Supervision>
	<icaos:SupervisionCountyList>
		<icaos:LocationCountyName>Clarke</icaos:LocationCountyName>
		<icaos:LocationCountyName>Lewis</icaos:LocationCountyName>
		<icaos:LocationCountyName>Moon</icaos:LocationCountyName>
	</icaos:SupervisionCountyList>
	<icaos:OtherResidentList>
		<nc:PersonFullName>Henry Lake</nc:PersonFullName>
		<nc:PersonFullName>Dewey E Grossman</nc:PersonFullName>
	</icaos:OtherResidentList>
</ep:OffenderProfileSP>
