<?xml version="1.0" encoding="UTF-8"?>
<?xml-stylesheet type="text/xsl" href="./catalog.xsl"?>
<!-- Compact_Offender_Profile LEXS IEPD-->

<ca:Catalog xmlns:xsi="http://www.w3.org/2001/XMLSchema-instance"
 xmlns:ca="http://reference.niem.gov/niem/resource/mpd/catalog/1.0/" 
 xmlns:p="http://reference.niem.gov/niem/resource/mpd/lexicon/1.0/purpose#" 
 xmlns:n="http://reference.niem.gov/niem/resource/mpd/lexicon/1.0/nature#" 
 xmlns:z="C:/SIRS_SSP/SIRS_SSP_v_0_1_0/"
 
 xsi:schemaLocation="http://reference.niem.gov/niem/resource/mpd/catalog/1.0/ mpd-catalog-1.0.xsd" 
  ca:mpdURI="http://www.interstatecompact.org/CompactOffenderProfile"  
  ca:mpdClassCode="iepd" 
  ca:mpdName="Compact Offender Profile" 
  ca:mpdVersionID="1.0.0" 
  ca:descriptionText="A profile of an offender currently under supervision for a violent related crime, and/or affiliated with a gang and/or a registered sex transferring between states.  The notification is sent upon the offender’s arrival in the receiving state.">
 
<!-- Documents -->
	<ca:FileSet ca:id="DOCUMENTS" ca:externalURI="" ca:natureURI="[n:file-set]" ca:purposeURI="[p:document-set]" ca:descriptionText="DOCUMENTS">
	<ca:File ca:id="d1" ca:relativePathName="./documentation/master-document.docx" ca:natureURI="[n:doc]" ca:purposeURI="[p:master-document]" ca:descriptionText="Information Model Description"/>
	<ca:File ca:id="d2" ca:relativePathName="./documentation/Compact Offender Profile.pdf" ca:natureURI="[n:doc]" ca:purposeURI="[p:document]" ca:descriptionText="Compact OffenderProfile Information Model"/>
	<ca:File ca:id="d3" ca:relativePathName="./documentation/Compact Offender Profile.mm" ca:natureURI="[n:doc]" ca:purposeURI="[p:document]" ca:descriptionText="Compact OffenderProfile Information Model"/>
	</ca:FileSet>
	
<!-- LEXS -->
	<ca:FileSet ca:id="LEXS3.1.4" ca:externalURI="" ca:natureURI="[n:file-set]" ca:purposeURI="[p:exchange-schema-set]" ca:descriptionText="LEXS3.1.4">
	<ca:File ca:id="lexs" ca:relativePathName="./XMLschemas/LEXS3.1.4/xsd/publish-discover/3.1/publish-discover.xsd" ca:natureURI="[n:xsd]" ca:purposeURI="[p:LEXS]" ca:descriptionText="publish-discover"/>
	<ca:File ca:id="lexs_instance" ca:relativePathName="./XMLsamples/CompactOffenderProfile-LEXS.xml" ca:natureURI="[n:xml]" ca:purposeURI="[p:lexs-instance]" ca:descriptionText="CompactOffenderProfile-LEXS"/>
	</ca:FileSet>
	
<!-- LEXS Structured Payload (SP) -->
	<ca:FileSet ca:id="LEXS_SP" ca:externalURI="" ca:natureURI="[n:file-set]" ca:purposeURI="[p:exchange-schema-set]" ca:descriptionText="LEXS Structured Payload in NIEM format">
	<ca:File ca:id="SP_document" ca:relativePathName="./XMLschemas/CompactOffenderProfileSP.xsd" ca:natureURI="[n:xsd]" ca:purposeURI="[p:LEXS SP]" ca:descriptionText="Structured Payload Document Schema"/>
	<ca:File ca:id="SP_extension" ca:relativePathName="./XMLschemas/CompactOffenderProfileSP_Extension.xsd" ca:natureURI="[n:xsd]" ca:purposeURI="[p:LEXS SP]" ca:descriptionText="Structured Payload Extension Schema"/>
	<ca:File ca:id="SP_example" ca:relativePathName="./XMLsamples/CompactOffenderProfileSP.xml" ca:natureURI="[n:xml]" ca:purposeURI="[p:lexs-instance]" ca:descriptionText="Structured Payload Example XML Instance"/>
	</ca:FileSet>	
	
<!-- Catalog -->	
	<ca:File ca:id="c0" ca:relativePathName="./catalog.xml" ca:natureURI="[n:catalog]" ca:purposeURI="[p:catalog]" ca:descriptionText="Catalog: identifies all artifacts in IEPD"/>
	<ca:File ca:id="cs0" ca:relativePathName="./catalog.xsl" ca:natureURI="[n:xslt]" ca:purposeURI="[p:display]" ca:descriptionText="stylesheet to display a catalog index with metadata"/>
	
	<ca:Metadata>
		<ca:SecurityMarkingText>Sensitive But Unclassified (SBU)</ca:SecurityMarkingText>
		<ca:CreationDate>2012-03-18</ca:CreationDate>
		<ca:LastRevisionDate>2012-04-01</ca:LastRevisionDate>
		<ca:StatusText>pilot </ca:StatusText>
		<ca:KeywordText>ICAOS</ca:KeywordText>
		<ca:KeywordText>compact</ca:KeywordText>
		<ca:KeywordText>offender</ca:KeywordText>
		<ca:KeywordText>profile</ca:KeywordText>
		<ca:KeywordText>relocation</ca:KeywordText>
		<ca:DomainText>US DOJ</ca:DomainText>
		<ca:DomainText>ICAOS</ca:DomainText>
		<ca:DomainText>APPA</ca:DomainText>
		<ca:PurposeText>Notify Fusion Centers of violent, gang member or sex offender relocating to another state.</ca:PurposeText>
		<ca:ExchangePatternText>FIRE/FORGET</ca:ExchangePatternText>
		<ca:ExchangePartnerName>ICAOS</ca:ExchangePartnerName>
		<ca:ExchangePartnerName>Fusion Center</ca:ExchangePartnerName>
		<ca:AuthoritativeSource>
			<ca:ASName>APPA</ca:ASName>
			<ca:ASAddressText>2760 Research Park Drive Lexington, KY 40578-1910</ca:ASAddressText>
			<ca:ASWebSiteURL>http://www.appa-net.org</ca:ASWebSiteURL>
			<ca:POC>
				<ca:POCName>Policy Advisor</ca:POCName>
				<ca:POCEmail>appa@csg.org</ca:POCEmail>
				<ca:POCTelephone></ca:POCTelephone>
			</ca:POC>
		</ca:AuthoritativeSource>
	</ca:Metadata>
</ca:Catalog>
