<?xml version="1.0" encoding="UTF-8"?>
<!-- 
    Document: $Id: doPublish-icism.xml 28465 2011-09-28 14:58:24Z ys34 $
    Original: 7/19/2007
    LEXS version  : 4.0
    ULEX version : 2.0
    Description   : 
        Sample XML instance for the publish message with ICISM markings.
-->
<ulexpd:doPublish 

    xmlns:ulex="http://ulex.gov/ulex/2.0" 
    xmlns:ulexpd="http://ulex.gov/publishdiscover/2.0"    
    xmlns:ulexcodes="http://ulex.gov/codes/2.0"    
    xmlns:ulexlib="http://ulex.gov/library/2.0"
    xmlns:icism-metadata="http://niem.gov/niem/icism/2.0"
    xmlns:icism="urn:us:gov:ic:ism:v2"
    xmlns:j="http://niem.gov/niem/domains/jxdm/4.1"
    xmlns:nc="http://niem.gov/niem/niem-core/2.0"
    xmlns:s="http://niem.gov/niem/structures/2.0"
    xmlns:lexs="http://lexs.gov/lexs/4.0" 
    xmlns:wsa="http://www.w3.org/2005/08/addressing"
    xmlns:lexsdigest="http://lexs.gov/digest/4.0"

    xmlns:xsi="http://www.w3.org/2001/XMLSchema-instance" 
    xsi:schemaLocation="http://ulex.gov/publishdiscover/2.0 ../../xsd/ulex.gov/ulex-publish-discover/2.0/ulex-publish-discover.xsd">
    
    <ulex:PublishMessageContainer>
        <ulex:PublishMessage>
            <ulex:PDMessageMetadata>
                <ulex:ULEXFrameworkVersionText>2.0</ulex:ULEXFrameworkVersionText>
                <ulex:ULEXImplementation>
                    <ulex:ULEXImplementationVersionText>4.0</ulex:ULEXImplementationVersionText>
                    <ulex:ULEXImplementationName>LEXS</ulex:ULEXImplementationName>
                </ulex:ULEXImplementation>
                <ulex:MessageDateTime>2006-12-17T09:30:47.0Z</ulex:MessageDateTime>
                <wsa:MessageID>1</wsa:MessageID>
                <lexs:DataSensitivityText>SBU</lexs:DataSensitivityText>
            </ulex:PDMessageMetadata>
            <!--=======================  Data Submitter Metadata  =======================-->
            <ulex:DataSubmitterMetadata>
                <lexs:SystemIdentifier>
                    <nc:OrganizationName>Hypothetical Organization C</nc:OrganizationName>
                    <lexs:SystemID>SysC</lexs:SystemID>
                </lexs:SystemIdentifier>
                <lexs:SystemContact>
                    <nc:PersonGivenName>Michael</nc:PersonGivenName>
                    <nc:PersonSurName>Park</nc:PersonSurName>
                    <!-- Contact telephone number is required, other kinds of numbers optional -->
                    <nc:ContactTelephoneNumber>
                        <!-- Phone number listed here split into parts, although the full phone number field could be used instead or in addition to the parts -->
                        <nc:NANPTelephoneNumber>
                            <nc:TelephoneAreaCodeID>202</nc:TelephoneAreaCodeID>
                            <nc:TelephoneExchangeID>555</nc:TelephoneExchangeID>
                            <nc:TelephoneLineID>1212</nc:TelephoneLineID>
                        </nc:NANPTelephoneNumber>
                    </nc:ContactTelephoneNumber>
                </lexs:SystemContact>
            </ulex:DataSubmitterMetadata>
            <!--==================== Package ====================-->
            <ulex:DataItemPackage>
                <ulex:PackageMetadata>
                    <ulex:DataItemID>12345678</ulex:DataItemID>
                    <ulex:DataItemDate>1967-08-13</ulex:DataItemDate>
                    <ulex:DataItemReferenceID>12345678</ulex:DataItemReferenceID>
                    <ulex:DataItemPublishInstructionCode>Insert</ulex:DataItemPublishInstructionCode>
                    <lexs:DataItemStatusText>Valid</lexs:DataItemStatusText>
                    <!--=======================  Data Owner Metadata  =======================-->
                    <ulex:DataOwnerMetadata>
                        <lexs:DataOwnerIdentifier>
                            <lexs:OriginatingAgencyID>AA1234567</lexs:OriginatingAgencyID>
                            <nc:OrganizationName>Hypothetical Agency A</nc:OrganizationName>
                            <lexs:SystemID>SysA</lexs:SystemID>
                        </lexs:DataOwnerIdentifier>
                        <lexs:DataOwnerContact>
                            <nc:PersonGivenName>Will</nc:PersonGivenName>
                            <nc:PersonSurName>Jones</nc:PersonSurName>
                            <nc:ContactTelephoneNumber>
                                <nc:FullTelephoneNumber>
                                    <nc:TelephoneNumberFullID>111-222-3333</nc:TelephoneNumberFullID>
                                </nc:FullTelephoneNumber>
                            </nc:ContactTelephoneNumber>
                        </lexs:DataOwnerContact>
                    </ulex:DataOwnerMetadata>
                    <lexs:DisseminationCriteria>
                        <lexs:DisseminationCriteriaDomainName>NDEX</lexs:DisseminationCriteriaDomainName>
                        <lexs:DisseminationCriteriaText>white</lexs:DisseminationCriteriaText>
                    </lexs:DisseminationCriteria>
                    <ulex:DataItemKeywordsText>Arrest Report bill smith</ulex:DataItemKeywordsText>
                    <lexs:DataItemICISMMetadata 
                        icism:classification="U"
                        icism:classifiedBy="USA"
                        icism:nonICmarkings="DIST_STMT_A"/>                    
                </ulex:PackageMetadata>            
                <lexs:Digest>
                    <lexsdigest:EntityPerson>
                        <icism-metadata:ICISMMetadata  s:id="EP1ICISM"
                            icism:classification="U"
                            icism:classifiedBy="USA"
                            icism:nonICmarkings="DIST_STMT_A"/>
                        <lexsdigest:Person s:id="Person1" s:metadata="EP1ICISM">
                            <nc:PersonAlternateName s:id="AltName1">
                                <nc:PersonGivenName>Bill</nc:PersonGivenName>
                                <nc:PersonSurName>Smith</nc:PersonSurName>
                            </nc:PersonAlternateName>
                            <nc:PersonAlternateName s:id="AltName2">
                                <nc:PersonGivenName>John</nc:PersonGivenName>
                                <nc:PersonSurName>Doe</nc:PersonSurName>
                            </nc:PersonAlternateName>
                        </lexsdigest:Person>
                    </lexsdigest:EntityPerson>
                </lexs:Digest>
                <!--======================= Structured Payload #1 ======================-->
                <ulex:StructuredPayload ulexlib:id="SP1">
                    <ulex:StructuredPayloadMetadata>
                        <ulex:CommunityURI>http://fbi.gov/cjis/N-DEx/IncidentArrest/2.x</ulex:CommunityURI>
                        <ulex:CommunityDescriptionText>N-DEx IncidentArrest</ulex:CommunityDescriptionText>
                        <ulex:CommunityVersionText>2.x</ulex:CommunityVersionText>
                    </ulex:StructuredPayloadMetadata>
                    <ulex:StructuredPayloadContent>
						<ndexia:ArrestReport 
							xmlns:ndexia="http://fbi.gov/cjis/N-DEx/IncidentArrest/2.1" 
							xmlns:mmucc_2="http://niem.gov/niem/mmucc_2/2.0" 
							xmlns:fbi="http://niem.gov/niem/fbi/2.0" 
							xmlns:ndexiacodes="http://fbi.gov/cjis/N-DEx/IncidentArrest/codes/2.1">
							<!--============================== Person 1 =========================-->  
							<ndexia:Person s:id="SP1Person1"> 
							  <nc:PersonAlternateName s:id="SP1AltName1">
								  <nc:PersonMaidenName>Doe</nc:PersonMaidenName>
							  </nc:PersonAlternateName>
							  <nc:PersonPhysicalFeature s:id="SP1Feature1">
                                        <nc:PhysicalFeatureDescriptionText>Tattoo</nc:PhysicalFeatureDescriptionText>
							  </nc:PersonPhysicalFeature>
							  <nc:PersonResidentCode>R</nc:PersonResidentCode>
							</ndexia:Person> 
                            <!-- PayloadOnlyThing is some object that has no foundation in the Digest -->
                            <ndexia:PayloadOnlyThing s:id="SP1Thing1">
                                <ndexia:Whatever1>xyz</ndexia:Whatever1>
                            </ndexia:PayloadOnlyThing>
                        </ndexia:ArrestReport>
                    </ulex:StructuredPayloadContent>
                </ulex:StructuredPayload>
                <!--======================= Structured Payload #2 ======================-->
                <ulex:StructuredPayload ulexlib:id="SP2">
                    <ulex:StructuredPayloadMetadata>
                        <ulex:CommunityURI>http://fbi.gov/cjis/N-DEx/IncarcerationBookingProbationParole/2.x</ulex:CommunityURI>
                        <ulex:CommunityDescriptionText>N-DEx IncarcerationBookingProbationParole</ulex:CommunityDescriptionText>
                        <ulex:CommunityVersionText>2.x</ulex:CommunityVersionText>
                    </ulex:StructuredPayloadMetadata>
                    <ulex:StructuredPayloadContent>
                        <ndexibp2:WarrantInvestigationReport 
							xmlns:nc="http://niem.gov/niem/niem-core/2.0" 
							xmlns:ansi-nist="http://niem.gov/niem/ansi-nist/2.0" 
							xmlns:j="http://niem.gov/niem/domains/jxdm/4.0" 
							xmlns:fbi="http://niem.gov/niem/fbi/2.0" 
							xmlns:ndexibp2="http://fbi.gov/cjis/N-DEx/IncarcerationBookingProbationParole/2.1" 
							xmlns:ndexibp2codes="http://fbi.gov/cjis/N-DEx/IncarcerationBookingProbationParole/codes/2.1" 
							xmlns:s="http://niem.gov/niem/structures/2.0" 
							xmlns:scr="http://niem.gov/niem/domains/screening/2.0">
							<ndexibp2:Person s:id="SP2Person1">
								<nc:PersonEthnicityCode>N</nc:PersonEthnicityCode>
								<j:PersonAugmentation>
									<j:PersonRegisteredOffenderIndicator>false</j:PersonRegisteredOffenderIndicator>
								</j:PersonAugmentation>
								<ndexibp2:PersonAugmentation>
									<ndexibp2:PersonForeignNationalIndicator>false</ndexibp2:PersonForeignNationalIndicator>
								</ndexibp2:PersonAugmentation>
							</ndexibp2:Person>
                            <!-- PayloadOnlyThing here builds upon PayloadOnlyThing in the first structured payload -->
                            <ndexibp2:PayloadOnlyThing s:id="SP2Thing1">
                                <ndexibp2:Whatever2>123</ndexibp2:Whatever2>
                            </ndexibp2:PayloadOnlyThing>
                        </ndexibp2:WarrantInvestigationReport>
                    </ulex:StructuredPayloadContent>
                </ulex:StructuredPayload>
                <!--=======================  Package Attachment Summary for Physical Feature  =======================-->
                <ulex:AttachmentSummary ulexlib:id="PAttachment1">
                    <!-- Attachment summary for a specific Physical Feature, which really only makes sense if there are multiples, but keeping instance simple -->
                    <ulex:AttachmentDescriptionText>Tattoo</ulex:AttachmentDescriptionText>
                    <ulex:AttachmentURI>http://www.gtri.org/LEXS/examples/tattoo1.jpg</ulex:AttachmentURI>
                    <ulex:AttachmentViewableIndicator>false</ulex:AttachmentViewableIndicator>
                </ulex:AttachmentSummary>
                <!--======================= New block for linkages ======================-->
                <!--======== One "generic" element for digest-to-payload or payload-to-payload, and one for linking to AttachmentSummary elements. ========-->
                <ulex:Linkages>
                    <!-- Linkage between a digest high level object and high level objects in 2 payloads.  container attribute is a validating reference. -->
                    <ulexlib:SameAsConnection>
                        <ulexlib:DigestObjectReference ulexlib:validatingObjectReference="Person1"/>
                        <ulexlib:StructuredPayloadObjectReference ulexlib:structuredPayloadReference="SP1" ulexlib:nonValidatingObjectReference="SP1Person1"/>
                        <ulexlib:StructuredPayloadObjectReference ulexlib:structuredPayloadReference="SP2" ulexlib:nonValidatingObjectReference="SP2Person1"/>
                    </ulexlib:SameAsConnection>
                    <!-- Linkage between a digest lower level element and a payload lower level element.  container attribute is a validating reference. -->
                    <!-- linking alternate names together only makes sense if there are multiples, but keeping it simple here -->
                    <ulexlib:SameAsConnection>
                        <ulexlib:DigestObjectReference ulexlib:validatingObjectReference="AltName1"/>
                        <ulexlib:StructuredPayloadObjectReference ulexlib:structuredPayloadReference="SP1" ulexlib:nonValidatingObjectReference="SP1AltName1"/>
                    </ulexlib:SameAsConnection>
                    <!-- LInkage between objects in two different payloads. 2 validating references and 2 non-validating. -->
                    <ulexlib:SameAsConnection>
                        <ulexlib:StructuredPayloadObjectReference ulexlib:structuredPayloadReference="SP1" ulexlib:nonValidatingObjectReference="SP1Thing1"/>
                        <ulexlib:StructuredPayloadObjectReference ulexlib:structuredPayloadReference="SP2" ulexlib:nonValidatingObjectReference="SP2Thing1"/>
                    </ulexlib:SameAsConnection>
                    <!-- Linkage between an object in a digest, payload with an attachment summary in the LEXS message. -->
                    <ulexlib:AttachmentSummaryConnection>
                        <ulexlib:AttachmentSummaryReference ulexlib:validatingObjectReference="PAttachment1"/>
                        <ulexlib:DigestObjectReference ulexlib:validatingObjectReference="Person1"/>
                        <ulexlib:StructuredPayloadObjectReference ulexlib:structuredPayloadReference="SP1" ulexlib:nonValidatingObjectReference="SP1Feature1"/>
                    </ulexlib:AttachmentSummaryConnection>
                </ulex:Linkages>
            </ulex:DataItemPackage>            
        </ulex:PublishMessage>
    </ulex:PublishMessageContainer>
</ulexpd:doPublish>
