<?xml version="1.0" encoding="UTF-8"?>
<env:Envelope xmlns:env="http://www.w3.org/2003/05/soap-envelope"
              xmlns:wsa="http://www.w3.org/2005/08/addressing">
    <env:Body>
        <ulexsr:getCapabilitiesRequest xmlns:ulex="http://ulex.gov/ulex/2.0"
                                     xmlns:ulexsr="http://ulex.gov/searchretrieve/2.0"
                                     xmlns:nc="http://niem.gov/niem/niem-core/2.0"
                                     xmlns:lexs="http://lexs.gov/lexs/4.0"
                                     xmlns:xsi="http://www.w3.org/2001/XMLSchema-instance"
                                     xsi:schemaLocation="http://ulex.gov/searchretrieve/2.0 ../../xsd/ulex.gov/ulex-search-retrieve/2.0/ulex-search-retrieve.xsd">
         <ulex:ServiceProviderRequestMessage>
            <ulex:SRMessageMetadata>
               <ulex:ULEXFrameworkVersionText>2.0</ulex:ULEXFrameworkVersionText>
               <ulex:ULEXImplementation>
                  <ulex:ULEXImplementationVersionText>4.0</ulex:ULEXImplementationVersionText>
                  <ulex:ULEXImplementationName>LEXS</ulex:ULEXImplementationName>
               </ulex:ULEXImplementation>
               <ulex:MessageDateTime>2006-12-17T09:30:47.0Z</ulex:MessageDateTime>
               <wsa:MessageID>11</wsa:MessageID>
               <!--====================== Message Origin ==========================-->
            <ulex:MessageOriginMetadata>
                  <lexs:SystemIdentifier>
                    <!-- OriginatingAgencyID is optional here and was not included in the sample  -->
                    <nc:OrganizationName>Hypothetical Organization F</nc:OrganizationName>
                    <lexs:SystemID>SysF</lexs:SystemID>
                  </lexs:SystemIdentifier>
                  <lexs:SystemContact>
                    <nc:PersonGivenName>Bob</nc:PersonGivenName>
                    <nc:PersonSurName>Jones</nc:PersonSurName>
                    <nc:ContactTelephoneNumber>
                        <nc:FullTelephoneNumber>
                            <nc:TelephoneNumberFullID>404-555-1212</nc:TelephoneNumberFullID>
                        </nc:FullTelephoneNumber>
                    </nc:ContactTelephoneNumber>
                  </lexs:SystemContact>
               </ulex:MessageOriginMetadata>
               <!--====================== Message Destination ==========================-->
            <lexs:MessageDestinationIdentifier>
                <!-- OriginatingAgencyID is optional here and was not included in the sample  -->
                <nc:OrganizationName>Hypothetical Organization E</nc:OrganizationName>
                  <lexs:SystemID>SysE</lexs:SystemID>
               </lexs:MessageDestinationIdentifier>
            </ulex:SRMessageMetadata>
         </ulex:ServiceProviderRequestMessage>
      </ulexsr:getCapabilitiesRequest>
    </env:Body>
</env:Envelope>