<?xml version="1.0" encoding="UTF-8"?>
<env:Envelope xmlns:env="http://www.w3.org/2003/05/soap-envelope"
              xmlns:wsa="http://www.w3.org/2005/08/addressing">
    <env:Header>
        <wsa:MessageID>http://www.cjis.fbi.gov/N-DEx/NotificationService/743</wsa:MessageID>
        <wsa:To>http://www.cjis.fbi.gov/OneDOJ/017</wsa:To>
        <wsa:From>
            <wsa:Address>http://www.cjis.fbi.gov/N-DEx/NotificationService/12345</wsa:Address>
        </wsa:From>
        <wsa:RelatesTo>http://www.cjis.fbi.gov/OneDOJ/415</wsa:RelatesTo>
        <wsa:Action>http://docs.oasis-open.org/wsn/bw-2/SubscriptionManager/RenewResponse</wsa:Action>
    </env:Header>
    <env:Body>
        <wsnt:RenewResponse xmlns:ulexsn="http://ulex.gov/subscribenotify/2.0"
                          xmlns:ulex="http://ulex.gov/ulex/2.0"
                          xmlns:ulexcodes="http://ulex.gov/codes/2.0"
                          xmlns:ulexlib="http://ulex.gov/library/2.0"
                          xmlns:j="http://niem.gov/niem/domains/jxdm/4.1"
                          xmlns:nc="http://niem.gov/niem/niem-core/2.0"
                          xmlns:s="http://niem.gov/niem/structures/2.0"
                          xmlns:lexs="http://lexs.gov/lexs/4.0"
                          xmlns:lexsdigest="http://lexs.gov/digest/4.0"
                          xmlns:xsi="http://www.w3.org/2001/XMLSchema-instance"
                          xmlns:wsnt="http://docs.oasis-open.org/wsn/b-2"
                          xsi:schemaLocation="http://docs.oasis-open.org/wsn/b-2 ../../xsd/oasis-open.org/wsn/b-2/b-2.xsd">
         <wsnt:TerminationTime>2009-12-01T09:30:47.0Z</wsnt:TerminationTime>
	        <ulex:SNMessageMetadata>
		          <ulex:ULEXFrameworkVersionText>2.0</ulex:ULEXFrameworkVersionText>
		          <ulex:ULEXImplementation>
			            <ulex:ULEXImplementationVersionText>4.0</ulex:ULEXImplementationVersionText>
			            <ulex:ULEXImplementationName>LEXS</ulex:ULEXImplementationName>
		          </ulex:ULEXImplementation>
		          <ulex:MessageDateTime>2006-12-17T09:30:47.0Z</ulex:MessageDateTime>
            <wsa:MessageID>http://www.cjis.fbi.gov/N-DEx/NotificationService/743</wsa:MessageID>
            <wsa:To>http://www.cjis.fbi.gov/OneDOJ/017</wsa:To>
            <wsa:From>
               <wsa:Address>http://www.cjis.fbi.gov/N-DEx/NotificationService/12345</wsa:Address>
            </wsa:From>
            <wsa:Action>http://docs.oasis-open.org/wsn/bw-2/SubscriptionManager/RenewResponse</wsa:Action>
            <wsa:RelatesTo>http://www.cjis.fbi.gov/OneDOJ/415</wsa:RelatesTo>
		          <!--====================== Message Origin ==========================-->
		<ulex:MessageOriginMetadata>
			            <lexs:SystemIdentifier>
				<!-- OriginatingAgencyID is optional here and was not included in the sample  -->
				<nc:OrganizationName>Hypothetical Organization F</nc:OrganizationName>
				              <lexs:SystemID>SysF</lexs:SystemID>
			            </lexs:SystemIdentifier>
			            <lexs:SystemContact>
				              <nc:PersonGivenName>Bob</nc:PersonGivenName>
				              <nc:PersonSurName>Jones</nc:PersonSurName>
				              <nc:ContactTelephoneNumber>
					                <nc:FullTelephoneNumber>
						                  <nc:TelephoneNumberFullID>404-555-1212</nc:TelephoneNumberFullID>
					                </nc:FullTelephoneNumber>
				              </nc:ContactTelephoneNumber>
			            </lexs:SystemContact>
		          </ulex:MessageOriginMetadata>
		          <!--====================== Message Destination ==========================-->
		<lexs:MessageDestinationIdentifier>
			<!-- OriginatingAgencyID is optional here and was not included in the sample  -->
			<nc:OrganizationName>Hypothetical Organization E</nc:OrganizationName>
			            <lexs:SystemID>SysE</lexs:SystemID>
		          </lexs:MessageDestinationIdentifier>
	        </ulex:SNMessageMetadata>
	        <ulex:ResponseMetadata>
		          <ulex:ResultCode>Success</ulex:ResultCode>
	        </ulex:ResponseMetadata>
      </wsnt:RenewResponse>
    </env:Body>
</env:Envelope>