<?xml version="1.0" encoding="UTF-8"?>
<gra:ServiceMetadata xsi:schemaLocation="http://it.ojp.gov/gsp/services/1.0.0 Metadata.xsd" xmlns:gra="http://it.ojp.gov/gsp/services/1.0.0" xmlns:xsi="http://www.w3.org/2001/XMLSchema-instance">
	<gra:ServiceIdentification>
		<gra:ServiceFullNameText>Offender Transfer Notification Service (OTNS)</gra:ServiceFullNameText>
		<gra:ServiceID></gra:ServiceID>
		<gra:ServiceURI></gra:ServiceURI>
		<gra:ServiceNameAbbreviationText>OTNS</gra:ServiceNameAbbreviationText>
	</gra:ServiceIdentification>
	<gra:ServiceDescription>
		<gra:ServicePurposeText>The purpose of the Offender Transfer Notification Service (OTNS) is to notify an entity of an offender transfer.</gra:ServicePurposeText>
		<gra:ServiceScopeDescriptionText>An entity is notified of an offender transfer by an event reporting entity.</gra:ServiceScopeDescriptionText>
		<gra:ServiceDescriptionSummaryText>The OTNS provides a notification message to an entity that has an interest in being notified of an offender transfer.</gra:ServiceDescriptionSummaryText>
		<gra:ServiceDescriptionText>The OTNS provides a notification message to an entity that has an interest in being notified of an offender transfer.</gra:ServiceDescriptionText>
		<gra:ServiceDescriptionKeywordText>OTNS, Offender, Transfer, Relocation</gra:ServiceDescriptionKeywordText>
		<gra:ServiceCapabilities>
			<gra:CapabilityDescriptionText>Offender transfer notification</gra:CapabilityDescriptionText>
		</gra:ServiceCapabilities>
		<gra:ServiceRealWorldEffects>
			<gra:RealWorldEffectDescriptionText>Notification of an offender transfer for further action on behalf of the entity receiving the notification message.</gra:RealWorldEffectDescriptionText>
		</gra:ServiceRealWorldEffects>
		<gra:SecurityClassificationText>SBU</gra:SecurityClassificationText>
		<gra:ServiceDependencies/>
		<gra:IEPDReferences>
			<gra:IEPDReference>
				<gra:IEPDName>Compact_Offender_Profile LEXS IEPD</gra:IEPDName>
				<gra:IEPDURL></gra:IEPDURL>
			</gra:IEPDReference>
		</gra:IEPDReferences>
	</gra:ServiceDescription>
	<gra:VersionInformation>
		<gra:MajorVersion>1</gra:MajorVersion>
		<gra:MinorVersion>0</gra:MinorVersion>
		<gra:RevisionVersion>0</gra:RevisionVersion>
		<gra:CreationDate>2013-04-01</gra:CreationDate>
		<gra:LifecycleStatus>Operational/Production</gra:LifecycleStatus>
	</gra:VersionInformation>
    <gra:RelatedOrganizationInformation>
        <gra:Organization>
            <gra:OrganizationName>Interstate Commission for Adult Offender Supervision</gra:OrganizationName>
	    <gra:OrganizationAcronym>ICAOS</gra:OrganizationAcronym>
	    <gra:OrganizationFullAddressText></gra:OrganizationFullAddressText>
	    <gra:OrganizationWebSiteURL>http://www.interstatecompact.org/</gra:OrganizationWebSiteURL>
	    <gra:OrganizationRoleDescriptionText>Owner</gra:OrganizationRoleDescriptionText>
	    <gra:OrganizationRoleDetailedDescriptionText>Owner</gra:OrganizationRoleDetailedDescriptionText>
	    <gra:OrganizationPointOfContact>
						<gra:ContactPersonName></gra:ContactPersonName>
						<gra:ContactPersonEmailID></gra:ContactPersonEmailID>
						<gra:ContactPersonPhoneNumberID></gra:ContactPersonPhoneNumberID>
						<gra:ContactPersonAddress></gra:ContactPersonAddress>
		</gra:OrganizationPointOfContact>
	</gra:Organization>
    </gra:RelatedOrganizationInformation>
	<gra:BusinessContext>
		<gra:DomainDescription>
			<gra:DomainNameText>Law Enforcement, ICAOS, Probation, Parole</gra:DomainNameText>
		</gra:DomainDescription>
		<gra:Classifications>
			<gra:Classification></gra:Classification>
		</gra:Classifications>
		<gra:ExchangePartnerTypes>
			<gra:ExchangePartnerTypeDescriptionText></gra:ExchangePartnerTypeDescriptionText>
		</gra:ExchangePartnerTypes>
		<gra:Endorsements>
			<gra:Endorser></gra:Endorser>
		</gra:Endorsements>
		<gra:Sponsors>
			<gra:Sponsor>BJA, APPA, ICAOS, SEARCH</gra:Sponsor>
		</gra:Sponsors>
	</gra:BusinessContext>
	<gra:ServiceInterface>
		<gra:URIDetails>
			<gra:URIDetail>
				<gra:URIAddress>http://www.interstatecompact.org/IncomingOffenderNotification/1.0</gra:URIAddress>
				<gra:URIDescription>OffenderTransferNotificationServiceService</gra:URIDescription>
			</gra:URIDetail>
		</gra:URIDetails>
		<gra:ServiceActions>
			<gra:ServiceAction>
				<gra:ActionName>NotifyofOffenderTransfer</gra:ActionName>
				<gra:ActionPurpose>The Receiving Entity (and Intermediary) implement this action to receive a message from an Event Reporting Entity.</gra:ActionPurpose>
				<gra:MessageExchangePattern>FIRE-AND-FORGET</gra:MessageExchangePattern>
			</gra:ServiceAction>
		</gra:ServiceActions>
		<gra:ServiceInteractionProfiles>
			<gra:ServiceInteractionProfile>
				<gra:SIPName>WS-SIP</gra:SIPName>
				<gra:SIPVersion>1.3</gra:SIPVersion>
			</gra:ServiceInteractionProfile>
		</gra:ServiceInteractionProfiles>
		<gra:SecurityImplementedIndicator>false</gra:SecurityImplementedIndicator>
		<gra:SecurityDescriptionText></gra:SecurityDescriptionText>
	</gra:ServiceInterface>
	<gra:ServiceLevelAgreements>
		<gra:ServicePolicyAndContracts>
			<gra:ApplicablePoliciesIndicator>false</gra:ApplicablePoliciesIndicator>
			<gra:ApplicablePolicies>
				<gra:PolicyText></gra:PolicyText>
			</gra:ApplicablePolicies>
			<gra:ApplicableContractsIndicator>false</gra:ApplicableContractsIndicator>
			<gra:ApplicableAgreementsIndicator>false</gra:ApplicableAgreementsIndicator>
			<gra:ApplicableUmbrellaAgreementsIndicator>false</gra:ApplicableUmbrellaAgreementsIndicator>
		</gra:ServicePolicyAndContracts>
		<gra:PerformanceMetrics>
			<gra:ServiceResponseTime>P0Y0M0DT0H2M</gra:ServiceResponseTime>
			<gra:ServiceAverageThroughput></gra:ServiceAverageThroughput>
			<gra:ServiceMaximumThroughput></gra:ServiceMaximumThroughput>
			<gra:ServiceAvailability></gra:ServiceAvailability>
		</gra:PerformanceMetrics>
		<gra:ServiceUsageDetails>
			<gra:ApprovalRequiredIndicator>true</gra:ApprovalRequiredIndicator>
			<gra:LicensingRequiredIndicator>false</gra:LicensingRequiredIndicator>
		</gra:ServiceUsageDetails>
	</gra:ServiceLevelAgreements>
</gra:ServiceMetadata>
