<?xml version="1.0" encoding="UTF-8"?>
<?xml-stylesheet type="text/xsl" href="./catalog.xsl"?>
<!-- This IEPD catalog is for the SORNA Relocation (SR) IEPD.-->
 <!-- *** need to change *** ca:mdpURI="http://www.iir.com/sorna/NIEM/2.1/OP/1.0/SIRS_SSP_v_0_1_0/" -->
 <!-- *** need to change *** xmlns:z="http://www.iir.com/sorna/NIEM/2.1/OP/1.0/SIRS_SSP_v_0_1_0/" -->

<ca:Catalog xmlns:xsi="http://www.w3.org/2001/XMLSchema-instance"
 xmlns:ca="http://reference.niem.gov/niem/resource/mpd/catalog/1.0/" 
 xmlns:p="http://reference.niem.gov/niem/resource/mpd/lexicon/1.0/purpose#" 
 xmlns:n="http://reference.niem.gov/niem/resource/mpd/lexicon/1.0/nature#" 
 xmlns:z="C:/SIRS_SSP/SIRS_SSP_v_0_1_0/"
 
 xsi:schemaLocation="http://reference.niem.gov/niem/resource/mpd/catalog/1.0/ mpd-catalog-1.0.xsd" 
  ca:mpdURI="C:/SIRS_SSP/SIRS_SSP_v_0_1_0"  
  ca:mpdClassCode="iepd" 
  ca:mpdName="SORNA Relocation (SR)" 
  ca:mpdVersionID="0.1.0" 
  ca:descriptionText="Offender and relocation information, including notifications, between a sending jurisdiction, receiving jurisdiction, the SORNA Exchange Portal, and the United States Marshals Service (USMS) as a part of the offender relocation registration process.">
 
<!-- Documents -->
	<ca:File ca:id="d1" ca:relativePathName="./documentation/master-document.docx" ca:natureURI="[n:doc]" ca:purposeURI="[p:master-document]" ca:descriptionText="Information Model Description"/>
	<ca:File ca:id="d2" ca:relativePathName="./documentation/OffPackage-Model.pdf" ca:natureURI="[n:doc]" ca:purposeURI="[p:document]" ca:descriptionText="Offender Package Information Model"/>
	<ca:File ca:id="d3" ca:relativePathName="./documentation/RelNotice-Model.pdf" ca:natureURI="[n:doc]" ca:purposeURI="[p:document]" ca:descriptionText="Relocation Notice Information Model"/>
	<ca:File ca:id="d4" ca:relativePathName="./documentation/SORNA-Jurisdictions.xls" ca:natureURI="[n:doc]" ca:purposeURI="[p:document]" ca:descriptionText="SORNA Jurisdiction Codes"/>
	
<!-- Exchange Schemas -->
	<ca:FileSet ca:id="ex1" ca:externalURI="./XMLschemas/exchange" ca:natureURI="[n:file-set]" ca:purposeURI="[p:exchange-schema-set]" ca:descriptionText="Exchange schema set for SORNA Relocation IEPD">
		<ca:File ca:id="x1" ca:relativePathName="./XMLschemas/exchange/RelNotice.xsd" ca:natureURI="[n:xsd]" ca:purposeURI="[p:exchange-schema]" ca:descriptionText="Notification Exchange"/>
		<ca:File ca:id="x2" ca:relativePathName="./XMLschemas/exchange/OffPackage.xsd" ca:natureURI="[n:xsd]" ca:purposeURI="[p:exchange-schema]" ca:descriptionText="Offender Package"/>
	</ca:FileSet>
	
<!-- Extension Schemas -->
	<ca:FileSet ca:id="es1" ca:externalURI="./XMLschemas/extension" ca:natureURI="[n:file-set]" ca:purposeURI="[p:extension-schema-set]" ca:descriptionText="Extension schema set for SORNA Relocation IEPD">
		<ca:File ca:id="e1" ca:relativePathName="./XMLschemas/extension/NoticeDescrList.xsd" ca:natureURI="[n:xsd]" ca:purposeURI="[p:extension-schema]" ca:descriptionText="Notice Description List"/>
		<ca:File ca:id="e2" ca:relativePathName="./XMLschemas/extension/OffPackage-ext.xsd" ca:natureURI="[n:xsd]" ca:purposeURI="[p:extension-schema]" ca:descriptionText="Offender Package Extension"/>
		<ca:File ca:id="e3" ca:relativePathName="./XMLschemas/extension/RelNotice-ext.xsd" ca:natureURI="[n:xsd]" ca:purposeURI="[p:extension-schema]" ca:descriptionText="Relocation Notice List"/>
	</ca:FileSet>
	
<!-- Subset Schemas NIEM Elements -->
	<ca:FileSet ca:id="ss1" ca:natureURI="[n:file-set]" ca:purposeURI="[p:subset-schema-set]" ca:descriptionText="Subset for SORNA IEPD">
		<ca:File ca:id="w1" ca:relativePathName="./XMLschemas/subset/wantlist.xml" ca:natureURI="http://reference.niem.gov/niem/resource/mpd/lexicon/1.0/nature#wantlist" ca:purposeURI="http://reference.niem.gov/niem/resource/mpd/lexicon/1.0/purpose#wantlist" ca:descriptionText="Wantlist for schema subset"/>
		<ca:File ca:id="s1" ca:relativePathName="./XMLschemas/subset/niem/niem-core/2.0/niem-core.xsd" ca:natureURI="[n:xsd]" ca:purposeURI="[p:subset-schema]" ca:descriptionText="NIEM Core 2.0 (niem-core.xsd)"/>
		<ca:File ca:id="s2" ca:relativePathName="./XMLschemas/subset/niem/fbi/2.0/fbi.xsd" ca:natureURI="[n:xsd]" ca:purposeURI="[p:subset-schema]" ca:descriptionText="FBI code lists"/>
		<ca:File ca:id="s3" ca:relativePathName="./XMLschemas/subset/niem/appinfo/2.0/appinfo.xsd" ca:natureURI="[n:xsd]" ca:purposeURI="[p:subset-schema]" ca:descriptionText="app info support schema 2.0"/>
		<ca:File ca:id="s4" ca:relativePathName="./XMLschemas/subset/niem/appinfo/2.1/appinfo.xsd" ca:natureURI="[n:xsd]" ca:purposeURI="[p:subset-schema]" ca:descriptionText="app info support schema 2.1"/>
		<ca:File ca:id="s5" ca:relativePathName="./XMLschemas/subset/niem/domains/immigration/2.1/immigration.xsd" ca:natureURI="[n:xsd]" ca:purposeURI="[p:subset-schema]" ca:descriptionText="Immigration domain elements"/>
		<ca:File ca:id="s6" ca:relativePathName="./XMLschemas/subset/niem/domains/intelligence/2./intelligence.xsd" ca:natureURI="[n:xsd]" ca:purposeURI="[p:subset-schema]" ca:descriptionText="Intellegence domain elements"/>
		<ca:File ca:id="s7" ca:relativePathName="./XMLschemas/subset/niem/domains/jxdm/4.1/jxdm.xsd" ca:natureURI="[n:xsd]" ca:purposeURI="[p:subset-schema]" ca:descriptionText="JXDM domain elements"/>
		<ca:File ca:id="s8" ca:relativePathName="./XMLschemas/subset/niem/fips_6-4/2.0/fips_6-4.xsd" ca:natureURI="[n:xsd]" ca:purposeURI="[p:subset-schema]" ca:descriptionText="FIPS code lists"/>
		<ca:File ca:id="s9" ca:relativePathName="./XMLschemas/subset/niem/proxy/xsd/2.0/xsd.xsd" ca:natureURI="[n:xsd]" ca:purposeURI="[p:subset-schema]" ca:descriptionText="Metadata for FIPS and Structures"/>
		<ca:File ca:id="s10" ca:relativePathName="./XMLschemas/subset/niem/structures/2.0/structures.xsd" ca:natureURI="[n:xsd]" ca:purposeURI="[p:subset-schema]" ca:descriptionText="NIEM Structures"/>
	</ca:FileSet>
		
<!-- Sample XML -->	
		<ca:FileSet ca:id="sample" ca:externalURI="./XMLsamples" ca:natureURI="[n:file-set]" ca:purposeURI="[p:sample-instance-set]" ca:descriptionText="Sample XML for the SORNA Relocation IEPD ">
		<ca:File ca:id="sample1" ca:relativePathName="./XMLsamples/OffPackage-SAMPLE.xml" ca:natureURI="[n:xml]" ca:purposeURI="[p:sample-instance]" ca:descriptionText="Relocation Exchange Sample"/>
		<ca:File ca:id="sample2" ca:relativePathName="./XMLsamples/RelNotice-SAMPLE.xml" ca:natureURI="[n:xml]" ca:purposeURI="[p:sample-instance]" ca:descriptionText="Notice Exchange Sample"/>
	</ca:FileSet>

<!-- WSDL -->
	<!--ca:File ca:id="wsdl1" ca:relativePathName="./library/wsdl/SIRS.wsdl" ca:natureURI="[n:wsdl]" ca:purposeURI="[p:web-service]" ca:descriptionText="WSDL for SORNA Relocation IEPD"/>
	<ca:File ca:id="wsdl2" ca:relativePathName="./library/wsdl/SIRSPolicy.wsdl" ca:natureURI="[n:wsdl]" ca:purposeURI="[p:web-service]" ca:descriptionText="Policy WSDL for SORNA Relocation IEPD"/-->	

<!-- Catalog -->	
	<ca:File ca:id="c0" ca:relativePathName="./catalog.xml" ca:natureURI="[n:catalog]" ca:purposeURI="[p:catalog]" ca:descriptionText="Catalog: identifies all artifacts in IEPD"/>
	<ca:File ca:id="cs0" ca:relativePathName="./catalog.xsl" ca:natureURI="[n:xslt]" ca:purposeURI="[p:display]" ca:descriptionText="stylesheet to display a catalog index with metadata"/>
	
<!-- Folders (directories) -->
	<ca:Folder ca:id="f0" ca:relativePathName="./" ca:descriptionText="ROOT"/>
	<ca:Folder ca:id="f1" ca:relativePathName="./XMLschemas/" ca:descriptionText="XML SCHEMAS"/>
	<ca:Folder ca:id="f2" ca:relativePathName="./XMLschemas/subset/" ca:descriptionText="SUBSET"/>
	<ca:Folder ca:id="ai2" ca:relativePathName="./XMLschemas/subset/niem/appinfo/2.0/" ca:descriptionText="APP INFO 2.0"/>
	<ca:Folder ca:id="ai21" ca:relativePathName="./XMLschemas/subset/niem/appinfo/2.1/" ca:descriptionText="APP INFO 2.1"/>
	<ca:Folder ca:id="im21" ca:relativePathName="./XMLschemas/subset/niem/domains/immigration/2.1/" ca:descriptionText="IMMIGRATION 2.1"/>
	<ca:Folder ca:id="i21" ca:relativePathName="./XMLschemas/subset/niem/domains/intelligence/2.1/" ca:descriptionText="INTELLIGENCE 2.1"/>
	<ca:Folder ca:id="j41" ca:relativePathName="./XMLschemas/subset/niem/domains/jxdm/4.1/" ca:descriptionText="JXDM 4.1"/>
	<ca:Folder ca:id="nc2" ca:relativePathName="./XMLschemas/subset/niem/niem-core/2.0/" ca:descriptionText="NIEM CORE 2.0"/>
	<ca:Folder ca:id="fbi2" ca:relativePathName="./XMLschemas/subset/niem/fbi/2.0/" ca:descriptionText="FBI"/>
	<ca:Folder ca:id="fips2" ca:relativePathName="./XMLschemas/subset/niem/fips_6-4/2.0/" ca:descriptionText="FIPS 6-4"/>
	<ca:Folder ca:id="p21" ca:relativePathName="./XMLschemas/subset/niem/proxy/2.1/" ca:descriptionText="PROXY 2.1"/>
	<ca:Folder ca:id="s21" ca:relativePathName="./XMLschemas/subset/niem/structure/2.1/" ca:descriptionText="STRUCTURE 2.1"/>
	<ca:Folder ca:id="f13" ca:relativePathName="./XMLschemas/extension/" ca:descriptionText="EXTENSION"/>
	<ca:Folder ca:id="f14" ca:relativePathName="./XMLschemas/exchange/" ca:descriptionText="EXCHANGE"/>
	<ca:Folder ca:id="f15" ca:relativePathName="./library/" ca:descriptionText="LIBRARY"/>
	<ca:Folder ca:id="f16" ca:relativePathName="./library/wsdl/" ca:descriptionText="WEB SERVICES"/>
	<ca:Folder ca:id="f17" ca:relativePathName="./documentation/" ca:descriptionText="DOCUMENTATION"/>
	<ca:Folder ca:id="f18" ca:relativePathName="./XMLsamples/" ca:descriptionText="SAMPLES"/>
	<ca:Metadata>
		<ca:SecurityMarkingText>Sensitive But Unclassified (SBU)</ca:SecurityMarkingText>
		<ca:CreationDate>2012-01-18</ca:CreationDate>
		<ca:StatusText>
	    testing 
	</ca:StatusText>
		<ca:KeywordText>SORNA</ca:KeywordText>
		<ca:KeywordText>relocation</ca:KeywordText>
		<ca:KeywordText>notification</ca:KeywordText>
		<ca:DomainText>US DOJ</ca:DomainText>
		<ca:DomainText>SMART</ca:DomainText>
		<ca:PurposeText>intended to notify jurisdictions of offender relocation</ca:PurposeText>
		<ca:ExchangePatternText>FIRE/FORGET</ca:ExchangePatternText>
		<ca:ExchangePartnerName>SORNA Portal</ca:ExchangePartnerName>
		<ca:ExchangePartnerName>Sending Jurisdiction</ca:ExchangePartnerName>
		<ca:ExchangePartnerName>Receiving Jurisdiction</ca:ExchangePartnerName>
		<ca:ExchangePartnerName>US Marshal Service</ca:ExchangePartnerName>
		<ca:AuthoritativeSource>
			<ca:ASName>USDOJ SMART Office</ca:ASName>
			<ca:ASAddressText>810 7th Street, NW, Washington DC 20531, USA</ca:ASAddressText>
			<ca:ASWebSiteURL>http://www.ojp.usdoj.gov/smart/</ca:ASWebSiteURL>
			<ca:POC>
				<ca:POCName>Policy Advisor</ca:POCName>
				<ca:POCEmail>GetSMART@usdoj.gov</ca:POCEmail>
				<ca:POCTelephone>202-514-4689</ca:POCTelephone>
			</ca:POC>
			<ca:POC>
				<ca:POCName>Sex Offender Registration and Notification Act (SORNA)</ca:POCName>
				<ca:POCEmail>GetSMART@usdoj.gov</ca:POCEmail>
				<ca:POCTelephone>202-514-4689</ca:POCTelephone>
			</ca:POC>
		</ca:AuthoritativeSource>
	</ca:Metadata>
</ca:Catalog>
