<?xml version="1.0" encoding="UTF-8"?>
<gra:ServiceMetadata xsi:schemaLocation="http://it.ojp.gov/gsp/services/1.0.0 Metadata.xsd" xmlns:gra="http://it.ojp.gov/gsp/services/1.0.0" xmlns:xsi="http://www.w3.org/2001/XMLSchema-instance">
	<gra:ServiceIdentification>
		<gra:ServiceFullNameText>String</gra:ServiceFullNameText>
		<gra:ServiceID>String</gra:ServiceID>
		<gra:ServiceURI>http://it.ojp.gov/gsp/services/1.0.0/ServiceName</gra:ServiceURI>
		<gra:ServiceNameAbbreviationText>String</gra:ServiceNameAbbreviationText>
	</gra:ServiceIdentification>
	<gra:ServiceDescription>
		<gra:ServicePurposeText>String</gra:ServicePurposeText>
		<gra:ServiceScopeDescriptionText>String</gra:ServiceScopeDescriptionText>
		<gra:ServiceDescriptionSummaryText>String</gra:ServiceDescriptionSummaryText>
		<gra:ServiceDescriptionText>String</gra:ServiceDescriptionText>
		<gra:ServiceDescriptionKeywordText>String</gra:ServiceDescriptionKeywordText>
		<gra:ServiceCapabilities>
			<gra:CapabilityDescriptionText>String</gra:CapabilityDescriptionText>
		</gra:ServiceCapabilities>
		<gra:ServiceRealWorldEffects>
			<gra:RealWorldEffectDescriptionText>String</gra:RealWorldEffectDescriptionText>
		</gra:ServiceRealWorldEffects>
		<gra:SecurityClassificationText>String</gra:SecurityClassificationText>
		<gra:ServiceDependencies>
			<gra:ServiceDependency>
				<gra:ServiceFullNameText>String</gra:ServiceFullNameText>
				<gra:ServiceID>String</gra:ServiceID>
				<gra:ServiceURI>http://it.ojp.gov/gsp/services/1.0.0/ServiceName</gra:ServiceURI>
				<gra:ServiceNameAbbreviationText>String</gra:ServiceNameAbbreviationText>
			</gra:ServiceDependency>
		</gra:ServiceDependencies>
		<gra:IEPDReferences>
			<gra:IEPDReference>
				<gra:IEPDName>String</gra:IEPDName>
				<gra:IEPDURL>String</gra:IEPDURL>
			</gra:IEPDReference>
		</gra:IEPDReferences>
	</gra:ServiceDescription>
	<gra:VersionInformation>
		<gra:MajorVersion>0</gra:MajorVersion>
		<gra:MinorVersion>0</gra:MinorVersion>
		<gra:RevisionVersion>0</gra:RevisionVersion>
		<gra:CreationDate>1967-08-13</gra:CreationDate>
		<gra:ActivationDate>1967-08-13</gra:ActivationDate>
		<gra:LastRevisionDate>1967-08-13</gra:LastRevisionDate>
		<gra:NextRevisionDate>1967-08-13</gra:NextRevisionDate>
		<gra:ExpirationDate>1967-08-13</gra:ExpirationDate>
		<gra:LifecycleStatus>String</gra:LifecycleStatus>
		<gra:AlertsAndNotifications>String</gra:AlertsAndNotifications>
	</gra:VersionInformation>
    <gra:RelatedOrganizationInformation>
        <gra:Organization>
            <gra:OrganizationName>String</gra:OrganizationName>
            <gra:OrganizationAcronym>String</gra:OrganizationAcronym>
            <gra:OrganizationFullAddressText>String</gra:OrganizationFullAddressText>
            <gra:OrganizationWebSiteURL>String</gra:OrganizationWebSiteURL>
            <gra:OrganizationRoleDescriptionText>String</gra:OrganizationRoleDescriptionText>
            <gra:OrganizationRoleDetailedDescriptionText>String</gra:OrganizationRoleDetailedDescriptionText>
            <gra:OrganizationPointOfContact>
                <gra:ContactPersonName>String</gra:ContactPersonName>
                <gra:ContactPersonEmailID>String</gra:ContactPersonEmailID>
                <gra:ContactPersonPhoneNumberID>String</gra:ContactPersonPhoneNumberID>
                <gra:ContactPersonAddress>String</gra:ContactPersonAddress>
            </gra:OrganizationPointOfContact>
        </gra:Organization>
    </gra:RelatedOrganizationInformation>
	<gra:BusinessContext>
		<gra:DomainDescription>
			<gra:DomainNameText>String</gra:DomainNameText>
		</gra:DomainDescription>
		<gra:Classifications>
			<gra:Classification>String</gra:Classification>
		</gra:Classifications>
		<gra:ExchangePartnerTypes>
			<gra:ExchangePartnerTypeDescriptionText>String</gra:ExchangePartnerTypeDescriptionText>
		</gra:ExchangePartnerTypes>
		<gra:Endorsements>
			<gra:Endorser>String</gra:Endorser>
		</gra:Endorsements>
		<gra:Sponsors>
			<gra:Sponsor>String</gra:Sponsor>
		</gra:Sponsors>
	</gra:BusinessContext>
	<gra:ServiceInterface>
		<gra:URIDetails>
			<gra:URIDetail>
				<gra:URIAddress>http://it.ojp.gov/gsp/services/1.0.0/ServiceName/ServiceInterfaceName</gra:URIAddress>
				<gra:URIDescription>String</gra:URIDescription>
			</gra:URIDetail>
		</gra:URIDetails>
		<gra:ServiceActions>
			<gra:ServiceAction>
				<gra:ActionName>String</gra:ActionName>
				<gra:ActionPurpose>String</gra:ActionPurpose>
				<gra:MessageExchangePattern>String</gra:MessageExchangePattern>
			</gra:ServiceAction>
		</gra:ServiceActions>
		<gra:ServiceInteractionProfiles>
			<gra:ServiceInteractionProfile>
				<gra:SIPName>String</gra:SIPName>
				<gra:SIPVersion>String</gra:SIPVersion>
			</gra:ServiceInteractionProfile>
		</gra:ServiceInteractionProfiles>
		<gra:SecurityImplementedIndicator>true</gra:SecurityImplementedIndicator>
		<gra:SecurityDescriptionText>String</gra:SecurityDescriptionText>
	</gra:ServiceInterface>
	<gra:ServiceLevelAgreements>
		<gra:ServicePolicyAndContracts>
			<gra:ApplicablePoliciesIndicator>true</gra:ApplicablePoliciesIndicator>
			<gra:ApplicablePolicies>
				<gra:PolicyText>String</gra:PolicyText>
			</gra:ApplicablePolicies>
			<gra:ApplicableContractsIndicator>true</gra:ApplicableContractsIndicator>
			<gra:ApplicableContracts>
				<gra:Contract>
					<gra:AgreementDescriptionText>String</gra:AgreementDescriptionText>
				</gra:Contract>
			</gra:ApplicableContracts>
			<gra:ApplicableAgreementsIndicator>true</gra:ApplicableAgreementsIndicator>
			<gra:ApplicableAgreements>
				<gra:Agreement>
					<gra:AgreementDescriptionText>String</gra:AgreementDescriptionText>
				</gra:Agreement>
			</gra:ApplicableAgreements>
			<gra:ApplicableUmbrellaAgreementsIndicator>true</gra:ApplicableUmbrellaAgreementsIndicator>
			<gra:ApplicableUmbrellaAgreements>
				<gra:UmbrellaAgreement>
					<gra:AgreementDescriptionText>String</gra:AgreementDescriptionText>
				</gra:UmbrellaAgreement>
			</gra:ApplicableUmbrellaAgreements>
		</gra:ServicePolicyAndContracts>
		<gra:PerformanceMetrics>
			<gra:ServiceResponseTime>P1Y2M3DT10H30M0S</gra:ServiceResponseTime>
			<gra:ServiceAverageThroughput>String</gra:ServiceAverageThroughput>
			<gra:ServiceMaximumThroughput>String</gra:ServiceMaximumThroughput>
			<gra:ServiceAvailability>String</gra:ServiceAvailability>
		</gra:PerformanceMetrics>
		<gra:ServiceUsageDetails>
			<gra:ApprovalRequiredIndicator>true</gra:ApprovalRequiredIndicator>
			<gra:LicensingRequiredIndicator>true</gra:LicensingRequiredIndicator>
			<gra:LicensingAgreement>
				<gra:AgreementDescriptionText>String</gra:AgreementDescriptionText>
			</gra:LicensingAgreement>
			<gra:ServiceCost>
				<gra:UsageCostAmount gra:currencyText="USD">0.0</gra:UsageCostAmount>
				<gra:UsageUnitCostAmount gra:currencyText="USD">0.0</gra:UsageUnitCostAmount>
				<gra:CreationCostAmount gra:currencyText="USD">0.0</gra:CreationCostAmount>
			</gra:ServiceCost>
		</gra:ServiceUsageDetails>
	</gra:ServiceLevelAgreements>
</gra:ServiceMetadata>
