<?xml version="1.0" encoding="UTF-8"?>
<catalog>
    - <!--   Catalog Files Section   -->
	<catalog href="catalog.html">Catalog</catalog>
	<metadata href="metadata.xml">Metadata</metadata>
    - <!--   Service Description Files Section    -->
	<service-description href="artifacts/SIRS_SDD_v_1.0.0.doc">Service Description Document</service-description>
    - <!--   Service Interface Files Section    -->
	<service-interface-description href="artifacts/Notification Service Interface/SIRS_SIDD_NSI_v_1.0.0.doc">Service Interface Description Document</service-interface-description>
	<service-interface-description href="artifacts/Relocation Service Interface/SIRS_SIDD_RSI_v_1.0.0.doc">Service Interface Description Document</service-interface-description>
    - <!--   Schema and Sample Files Section - Web Services    -->
	<wsdl-schema href="schema\SIP\NotificationServiceInterface.wsdl">Notification Service Schema</wsdl-schema>
	<wsdl-schema href="schema\SIP\RelocationServiceInterface.wsdl">Relocation Service Schema</wsdl-schema>
	<wsdl-schema href="schema\SIP\SIRSPolicy.wsdl">Service Policy Schema</wsdl-schema>
    - <!--   Schema and Sample Files Section - Information Model    -->
	<iepd-catalog href="artifacts\service model\information model\SORNA Relocation IEPD\catalog.xml">IEPD Catalog</iepd-catalog>
    - <!--   Other Documents Section    -->
</catalog>
