<?xml version="1.0" encoding="UTF-8"?>
<gra:ServiceMetadata xsi:schemaLocation="http://it.ojp.gov/gsp/services/1.0.0 Metadata.xsd" xmlns:gra="http://it.ojp.gov/gsp/services/1.0.0" xmlns:xsi="http://www.w3.org/2001/XMLSchema-instance">
	<gra:ServiceIdentification>
		<gra:ServiceFullNameText>SORNA Inter-Jurisdiction Relocation Service</gra:ServiceFullNameText>
		<gra:ServiceID></gra:ServiceID>
		<gra:ServiceURI></gra:ServiceURI>
		<gra:ServiceNameAbbreviationText>SIRS</gra:ServiceNameAbbreviationText>
	</gra:ServiceIdentification>
	<gra:ServiceDescription>
		<gra:ServicePurposeText>When a registered sex offender relocates from one SORNA jurisdiction to another SORNA jurisdiction, SIRS will enable the sharing of information that assists the jurisdictions with identifying, monitoring, and enforcing the offender’s registration requirements associated with the relocation process.</gra:ServicePurposeText>
		<gra:ServiceScopeDescriptionText>• The sex offender’s initial intent to relocate, along with information about the offender (Relocation Package).

• The receiving jurisdiction’s acknowledgement of its receipt of the sending jurisdiction’s Relocation Package, together with a message describing the receiving jurisdiction’s registration requirements (Relocation Confirmation Notification).

• The sex offender’s compliance with the new jurisdiction’s registration requirements (Relocation Compliance Notification).

• The sex offender’s failure to contact the new jurisdiction (Did Not Report Notification).

• The sending jurisdiction’s resolution of a relocation notice (Relocation Cancelled Notification).

• The sending jurisdiction’s request for assistance from the USMS National Sex Offender Targeting Center (Relocation Package).

The following capabilities fall outside the scope of SIRS:

• Mechanisms for a sex offender to register with a SORNA jurisdiction.

• Disclosure of sex offenders’ information to the public.

• Exchanges of information between a SORNA jurisdiction’s registering agency and local law enforcement agencies.

• Creation of new criminal charges against a sex offender for failure to comply with registration requirements.

• Maintenance of data in criminal history repositories.
</gra:ServiceScopeDescriptionText>
		<gra:ServiceDescriptionSummaryText>SIRS provides offender information and notices between stakeholders to track the offender’s compliance with SORNA registration requirements.</gra:ServiceDescriptionSummaryText>
		<gra:ServiceDescriptionText>Today, several mechanisms are being used to communicate information among SORNA jurisdictions when a sex offender relocates.  It is challenging for a SORNA jurisdiction to share the requirements for interacting with another SORNA jurisdiction.  In particular:

 What is the most effective medium for the initial notification?  E-mail, fax, a telephone call, or an electronic message delivered by a proprietary record management system that both agencies use?  

 What is the best method for delivering documents?  Can scanned images be e-mailed?  If so, what are the size limits?

 What data are required by the receiving jurisdiction?  Do they have a hardcopy or online form or checklist?

 What are the other jurisdiction’s expectations about subsequent communications?  

SIRS builds on the progress made by the SORNA Exchange Portal in defining a messaging process and protocol in the form of a service.  The service applies national standards and specifies interfaces that can be implemented in a wide variety of technical environments.  Having an interoperable standard for interjurisdictional information exchange and notifications will enable SORNA registration jurisdictions to achieve greater efficiency through automation.  

SIRS provides the messaging required between SORNA stakeholders when a sex offender relocates to a new SORNA jurisdiction.  The service provides offender information and notices between stakeholders to track the offender’s status and compliance with SORNA registration requirements.</gra:ServiceDescriptionText>
		<gra:ServiceDescriptionKeywordText>SORNA, SIRS, Sex Offender, Registration, Relocation</gra:ServiceDescriptionKeywordText>
		<gra:ServiceCapabilities>
			<gra:CapabilityDescriptionText>Positive identification of an offender (e.g., biometric data, photographs, federal or state identifiers). Information that assists in locating an offender (e.g., home, work, or school addresses; vehicle data; contact information such as telephone numbers, e-mail addresses, and social media screen names and other identifiers).</gra:CapabilityDescriptionText>
			<gra:CapabilityDescriptionText>Notification of the status of the offender's registration (i.e., whether registration is required in the receiving jurisdiction, and, if so, whether the offender complied with those requirements).</gra:CapabilityDescriptionText>
			<gra:CapabilityDescriptionText>Information about the offender's underlying criminal conviction(s) and offense(s) (e.g., court documents, statutory definitions of the crime's elements).  Other information relevant to a risk assessment (e.g., data about victims, mental health diagnoses and treatments, substance abuse history).</gra:CapabilityDescriptionText>
			<gra:CapabilityDescriptionText>Contact information for the SORNA jurisdictions' registration agencies.</gra:CapabilityDescriptionText>
			<gra:CapabilityDescriptionText>Engagement of the United States Marshals Service in locating absconders or non-compliant offenders.</gra:CapabilityDescriptionText>
		</gra:ServiceCapabilities>
		<gra:ServiceRealWorldEffects>
			<gra:RealWorldEffectDescriptionText>Successful tracking of an offender through the SORNA inter-jurisdiction relocation process.</gra:RealWorldEffectDescriptionText>
			<gra:RealWorldEffectDescriptionText>System automation of manual, time-consuming, and non-standardized processes.</gra:RealWorldEffectDescriptionText>
		</gra:ServiceRealWorldEffects>
		<gra:SecurityClassificationText>SBU</gra:SecurityClassificationText>
		<gra:ServiceDependencies/>
		<gra:IEPDReferences>
			<gra:IEPDReference>
				<gra:IEPDName>SORNA Relocation IEPD</gra:IEPDName>
				<gra:IEPDURL></gra:IEPDURL>
			</gra:IEPDReference>
		</gra:IEPDReferences>
	</gra:ServiceDescription>
	<gra:VersionInformation>
		<gra:MajorVersion>1</gra:MajorVersion>
		<gra:MinorVersion>0</gra:MinorVersion>
		<gra:RevisionVersion>0</gra:RevisionVersion>
		<gra:CreationDate>2012-06-08</gra:CreationDate>
		<gra:LifecycleStatus>Operational/Production</gra:LifecycleStatus>
	</gra:VersionInformation>
    <gra:RelatedOrganizationInformation>
        <gra:Organization>
            <gra:OrganizationName>Office of Sex Offender Sentencing, Monitoring, Apprehending, Registering, and Tracking, Office of Justice Programs</gra:OrganizationName>
	    <gra:OrganizationAcronym>SMART, OJP</gra:OrganizationAcronym>
	    <gra:OrganizationFullAddressText>810 Seventh Street NW, Washington, DC 20531</gra:OrganizationFullAddressText>
	    <gra:OrganizationWebSiteURL>http://www.ojp.usdoj.gov/smart/</gra:OrganizationWebSiteURL>
	    <gra:OrganizationRoleDescriptionText>Owner</gra:OrganizationRoleDescriptionText>
	    <gra:OrganizationRoleDetailedDescriptionText>Owner</gra:OrganizationRoleDetailedDescriptionText>
	    <gra:OrganizationPointOfContact>
						<gra:ContactPersonName>TBD</gra:ContactPersonName>
						<gra:ContactPersonEmailID>getsmart@usdoj.gov</gra:ContactPersonEmailID>
						<gra:ContactPersonPhoneNumberID>202-514-4689</gra:ContactPersonPhoneNumberID>
						<gra:ContactPersonAddress>810 Seventh Street NW, Washington, DC 20531</gra:ContactPersonAddress>
		</gra:OrganizationPointOfContact>
	</gra:Organization>
    </gra:RelatedOrganizationInformation>
	<gra:BusinessContext>
		<gra:DomainDescription>
			<gra:DomainNameText>Law Enforcement, Public Safety, Prosecution, Corrections, Probation, Parole,USMS</gra:DomainNameText>
		</gra:DomainDescription>
		<gra:Classifications>
			<gra:Classification></gra:Classification>
		</gra:Classifications>
		<gra:ExchangePartnerTypes>
			<gra:ExchangePartnerTypeDescriptionText>Law Enforcement, Public Safety, Prosecution, Corrections, Probation, Parole,USMS</gra:ExchangePartnerTypeDescriptionText>
		</gra:ExchangePartnerTypes>
		<gra:Endorsements>
			<gra:Endorser></gra:Endorser>
		</gra:Endorsements>
		<gra:Sponsors>
			<gra:Sponsor>Office of Sex Offender Sentencing, Monitoring, Apprehending, Registering, and Tracking (SMART), Office of Justice Programs, U.S. Department of Justice (managed by IIR, SEARCH, and NCSC)</gra:Sponsor>
		</gra:Sponsors>
	</gra:BusinessContext>
	<gra:ServiceInterface>
		<gra:URIDetails>
			<gra:URIDetail>
				<gra:URIAddress>http://www.iir.com/SIRS/1.0.0</gra:URIAddress>
				<gra:URIDescription>SIRS Service Interface</gra:URIDescription>
			</gra:URIDetail>
		</gra:URIDetails>
		<gra:ServiceActions>
			<gra:ServiceAction>
				<gra:ActionName>SubmitRelocationPackage</gra:ActionName>
				<gra:ActionPurpose>The Intermediary Host invokes this action to receive the RelocationPackage message from the Sending Jurisdiction</gra:ActionPurpose>
				<gra:MessageExchangePattern>FIRE-AND-FORGET</gra:MessageExchangePattern>
			</gra:ServiceAction>
			<gra:ServiceAction>
				<gra:ActionName>RelocationNotification</gra:ActionName>
				<gra:ActionPurpose>The Intermediary Host invokes this action to receive the RelocationNotice message for the RelocationConfirmationNotice, the RelocationComplianceNotice, the DidNotReportNotice, and the RelocationCancelledNotice</gra:ActionPurpose>
				<gra:MessageExchangePattern>FIRE-AND-FORGET</gra:MessageExchangePattern>
			</gra:ServiceAction>
		</gra:ServiceActions>
		<gra:ServiceInteractionProfiles>
			<gra:ServiceInteractionProfile>
				<gra:SIPName>WS-SIP</gra:SIPName>
				<gra:SIPVersion>1.3</gra:SIPVersion>
			</gra:ServiceInteractionProfile>
		</gra:ServiceInteractionProfiles>
		<gra:SecurityImplementedIndicator>false</gra:SecurityImplementedIndicator>
		<gra:SecurityDescriptionText>GFIPM</gra:SecurityDescriptionText>
	</gra:ServiceInterface>
	<gra:ServiceLevelAgreements>
		<gra:ServicePolicyAndContracts>
			<gra:ApplicablePoliciesIndicator>true</gra:ApplicablePoliciesIndicator>
			<gra:ApplicablePolicies>
				<gra:PolicyText>CJIS Security Policy</gra:PolicyText>
			</gra:ApplicablePolicies>
			<gra:ApplicableContractsIndicator>false</gra:ApplicableContractsIndicator>
			<gra:ApplicableAgreementsIndicator>false</gra:ApplicableAgreementsIndicator>
			<gra:ApplicableUmbrellaAgreementsIndicator>false</gra:ApplicableUmbrellaAgreementsIndicator>
		</gra:ServicePolicyAndContracts>
		<gra:PerformanceMetrics>
			<gra:ServiceResponseTime>P1Y2M3DT10H30M</gra:ServiceResponseTime>
			<gra:ServiceAverageThroughput></gra:ServiceAverageThroughput>
			<gra:ServiceMaximumThroughput></gra:ServiceMaximumThroughput>
			<gra:ServiceAvailability></gra:ServiceAvailability>
		</gra:PerformanceMetrics>
		<gra:ServiceUsageDetails>
			<gra:ApprovalRequiredIndicator>false</gra:ApprovalRequiredIndicator>
			<gra:LicensingRequiredIndicator>false</gra:LicensingRequiredIndicator>
		</gra:ServiceUsageDetails>
	</gra:ServiceLevelAgreements>
</gra:ServiceMetadata>
