<?xml version="1.0" encoding="UTF-8"?>
<!--
    Document: $Id: doDataItemMetadataSearchRequest.xml 28466 2011-09-28 15:05:10Z ys34 $
    Original : 11/5/2009
    LEXS version  : 4.0
    ULEX version : 2.0
    Description   : 
        Sample XML instance for the data item metadata search request message.
-->
<ulexsr:doDataItemMetadataSearchRequest

    xmlns:ulex="http://ulex.gov/ulex/2.0" 
    xmlns:ulexsr="http://ulex.gov/searchretrieve/2.0"    
    xmlns:ulexcodes="http://ulex.gov/codes/2.0"    
    xmlns:ulexlib="http://ulex.gov/library/2.0"
    
    xmlns:j="http://niem.gov/niem/domains/jxdm/4.1"
    xmlns:nc="http://niem.gov/niem/niem-core/2.0"
    xmlns:em="http://niem.gov/niem/domains/emergencyManagement/2.0" 
    xmlns:im="http://niem.gov/niem/domains/immigration/2.0"
    xmlns:icism="urn:us:gov:ic:ism:v2"
    xmlns:scr="http://niem.gov/niem/domains/screening/2.0"
    xmlns:s="http://niem.gov/niem/structures/2.0"
    xmlns:lexs="http://lexs.gov/lexs/4.0" 
    xmlns:wsa="http://www.w3.org/2005/08/addressing"
    xmlns:lexsdigest="http://lexs.gov/digest/4.0"
    
    xmlns:xsi="http://www.w3.org/2001/XMLSchema-instance" 
    xsi:schemaLocation="http://ulex.gov/searchretrieve/2.0 ../../xsd/ulex.gov/ulex-search-retrieve/2.0/ulex-search-retrieve.xsd">
    <ulex:DataItemMetadataSearchRequestMessage>
        <ulex:SRMessageMetadata>
            <ulex:ULEXFrameworkVersionText>2.0</ulex:ULEXFrameworkVersionText>
            <ulex:ULEXImplementation>
                <ulex:ULEXImplementationVersionText>4.0</ulex:ULEXImplementationVersionText>
                <ulex:ULEXImplementationName>LEXS</ulex:ULEXImplementationName>
            </ulex:ULEXImplementation>
            <ulex:MessageDateTime>2006-12-17T09:30:47.0Z</ulex:MessageDateTime>
            <wsa:MessageID>uuid:ab19b2f2-d64c-44c6-ab18-61dde2f25e6o</wsa:MessageID>
            <!--====================== Message Origin ==========================-->
            <ulex:MessageOriginMetadata>
                <lexs:SystemIdentifier>
                    <!-- OriginatingAgencyID is optional here and was not included in the sample  -->
                    <nc:OrganizationName>Hypothetical Organization F</nc:OrganizationName>
                    <lexs:SystemID>SysF</lexs:SystemID>                
                </lexs:SystemIdentifier>
                <lexs:SystemContact>
                    <nc:PersonGivenName>Bob</nc:PersonGivenName>
                    <nc:PersonSurName>Jones</nc:PersonSurName>
                    <nc:ContactTelephoneNumber>
                        <nc:FullTelephoneNumber>
                            <nc:TelephoneNumberFullID>404-555-1212</nc:TelephoneNumberFullID>
                        </nc:FullTelephoneNumber>
                    </nc:ContactTelephoneNumber>
                </lexs:SystemContact>
            </ulex:MessageOriginMetadata>
            <!--====================== Message Destination ==========================-->
            <lexs:MessageDestinationIdentifier>
                <!-- OriginatingAgencyID is optional here and was not included in the sample  -->
                <nc:OrganizationName>Hypothetical Organization E</nc:OrganizationName>
                <lexs:SystemID>SysE</lexs:SystemID>
            </lexs:MessageDestinationIdentifier>
        </ulex:SRMessageMetadata>
        <lexs:UserAssertion>
            <lexs:UserID>ABC123</lexs:UserID>
            <nc:PersonGivenName>Bill</nc:PersonGivenName>
            <nc:PersonSurName>Jones</nc:PersonSurName>
            <nc:ContactTelephoneNumber>
                <nc:NANPTelephoneNumber>
                    <nc:TelephoneAreaCodeID>111</nc:TelephoneAreaCodeID>
                    <nc:TelephoneExchangeID>222</nc:TelephoneExchangeID>
                    <nc:TelephoneLineID>3333</nc:TelephoneLineID>
                </nc:NANPTelephoneNumber>
            </nc:ContactTelephoneNumber>
            <nc:OrganizationName>ATF</nc:OrganizationName>
        </lexs:UserAssertion>
        <ulex:SearchRequestMetadata>
            <lexs:RequestedDataCategoryCode>Person</lexs:RequestedDataCategoryCode>
            <ulex:MaxItemMatchesNumeric>10</ulex:MaxItemMatchesNumeric>
            <lexs:SortOrderCode>Date</lexs:SortOrderCode>
            <ulex:StructuredPayloadsRequestedCode>all</ulex:StructuredPayloadsRequestedCode>
        </ulex:SearchRequestMetadata>
<!--		<ulex:AttachmentSummaryConnectionQName>lexsdigest:CrimeSceneImageConnection</ulex:AttachmentSummaryConnectionQName>-->
<!--		<ulex:AttachmentSummaryConnectionQName>lexsdigest:ItemImageConnection</ulex:AttachmentSummaryConnectionQName>-->
		<ulex:AttachmentSummaryConnectionQName>lexsdigest:PersonBiometricConnection</ulex:AttachmentSummaryConnectionQName>
		<ulex:AttachmentSummaryConnectionQName>lexsdigest:PersonFacialImageConnection</ulex:AttachmentSummaryConnectionQName>
		<ulex:AttachmentSummaryConnectionQName>lexsdigest:PersonImageConnection</ulex:AttachmentSummaryConnectionQName>
		<ulex:AttachmentSummaryConnectionQName>lexsdigest:PersonFingerprintConnection</ulex:AttachmentSummaryConnectionQName>
		<ulex:AttachmentSummaryConnectionQName>lexsdigest:PersonSMTImageConnection</ulex:AttachmentSummaryConnectionQName>
<!--		<ulex:AttachmentSummaryConnectionQName>lexsdigest:DocumentAttachmentConnection</ulex:AttachmentSummaryConnectionQName>-->
<!--		<ulex:AttachmentSummaryConnectionQName>lexsdigest:CommunicationCaptureAttachmentConnection</ulex:AttachmentSummaryConnectionQName>-->
<!--		<ulex:AttachmentSummaryConnectionQName>lexsdigest:SupportingDocumentationConnection</ulex:AttachmentSummaryConnectionQName>-->
		<ulex:AttachmentRequiredIndicator>true</ulex:AttachmentRequiredIndicator>
		<ulex:DataItemAfterDate>2006-12-10</ulex:DataItemAfterDate>
		<ulex:DataItemBeforeDate>2006-12-17</ulex:DataItemBeforeDate>
		<ulex:DataItemGroupAggregationIdentifier>
			<ulex:DataItemGroupID>ABC</ulex:DataItemGroupID>
		</ulex:DataItemGroupAggregationIdentifier>
		<ulex:DataItemGroupCorrelationIdentifier>
			<ulex:DataItemGroupID>DFF5</ulex:DataItemGroupID>
		</ulex:DataItemGroupCorrelationIdentifier>
		<ulex:DataItemKeywordsText>Tommy</ulex:DataItemKeywordsText>
		<lexs:DataItemICISMMetadata icism:releasableTo="USA"/>
    </ulex:DataItemMetadataSearchRequestMessage>
</ulexsr:doDataItemMetadataSearchRequest>