<?xml version="1.0" encoding="UTF-8"?>
<!--
    Document: $Id: doDataItemMetadataSearchResponse.xml 28466 2011-09-28 15:05:10Z ys34 $
    Original : 11/5/2009
    LEXS version  : 4.0
    ULEX version : 2.0
    Description   : 
        Sample XML instance for the data item metadata search response message.
        The data item metadata search provides search parameters for group aggregation identifier, 
        group correlation identifier, keywords, and ICISM metadata. 
        However, the data item in the response contains none of these since LEXS operates under a best effort approach. 
-->
<ulexsr:doSearchResponse

    xmlns:ulex="http://ulex.gov/ulex/2.0" 
    xmlns:ulexsr="http://ulex.gov/searchretrieve/2.0"    
    xmlns:ulexcodes="http://ulex.gov/codes/2.0"    
    xmlns:ulexlib="http://ulex.gov/library/2.0"
    
    xmlns:j="http://niem.gov/niem/domains/jxdm/4.1"
    xmlns:nc="http://niem.gov/niem/niem-core/2.0"
    xmlns:em="http://niem.gov/niem/domains/emergencyManagement/2.0" 
    xmlns:im="http://niem.gov/niem/domains/immigration/2.0" 
    xmlns:scr="http://niem.gov/niem/domains/screening/2.0"
    xmlns:s="http://niem.gov/niem/structures/2.0"
    xmlns:lexs="http://lexs.gov/lexs/4.0" 
    xmlns:wsa="http://www.w3.org/2005/08/addressing"
    xmlns:lexsdigest="http://lexs.gov/digest/4.0"
    
    xmlns:xsi="http://www.w3.org/2001/XMLSchema-instance" 
    xsi:schemaLocation="http://ulex.gov/searchretrieve/2.0 ../../xsd/ulex.gov/ulex-search-retrieve/2.0/ulex-search-retrieve.xsd">
     <ulex:SearchResponseMessage>
        <ulex:SRMessageMetadata>
            <ulex:ULEXFrameworkVersionText>2.0</ulex:ULEXFrameworkVersionText>
            <ulex:ULEXImplementation>
                <ulex:ULEXImplementationVersionText>4.0</ulex:ULEXImplementationVersionText>
                <ulex:ULEXImplementationName>LEXS</ulex:ULEXImplementationName>
            </ulex:ULEXImplementation>
            <ulex:MessageDateTime>2006-12-17T09:30:53.0Z</ulex:MessageDateTime>
            <wsa:MessageID>uuid:d03bff59-7323-4f60-b080-fc2b1d873f0n</wsa:MessageID>
            <wsa:RelatesTo>uuid:ab19b2f2-d64c-44c6-ab18-61dde2f25e6o</wsa:RelatesTo>
            <!--=======================  Message Origin  =======================-->
            <ulex:MessageOriginMetadata>
                <lexs:SystemIdentifier>
                    <!-- OriginatingAgencyID is optional here and was not included in the sample  -->
                    <nc:OrganizationName>Hypothetical Organization E</nc:OrganizationName>
                    <lexs:SystemID>SysE</lexs:SystemID>
                </lexs:SystemIdentifier>
                <lexs:SystemContact>
                    <nc:PersonGivenName>Jim</nc:PersonGivenName>
                    <nc:PersonSurName>West</nc:PersonSurName>
                    <nc:ContactTelephoneNumber>
                        <nc:FullTelephoneNumber>
                            <nc:TelephoneNumberFullID>770-555-1212</nc:TelephoneNumberFullID>
                        </nc:FullTelephoneNumber>
                    </nc:ContactTelephoneNumber>
                </lexs:SystemContact>
            </ulex:MessageOriginMetadata>
            <!--====================== Message Destination ==========================-->
            <lexs:MessageDestinationIdentifier>
                <!-- OriginatingAgencyID is optional here and was not included in the sample  -->
                <nc:OrganizationName>Hypothetical Organization F</nc:OrganizationName>
                <lexs:SystemID>SysF</lexs:SystemID>
            </lexs:MessageDestinationIdentifier>
        </ulex:SRMessageMetadata>
        <!--=======================  Response Metadata  =======================-->
        <ulex:ResponseMetadata>
            <ulex:ResultCode>Success</ulex:ResultCode>
        </ulex:ResponseMetadata>
        <!--=======================  Search Response Metadata  =======================-->
        <ulex:SearchResponseMetadata>
            <ulex:MaxItemMatchesRequestedNumeric>10</ulex:MaxItemMatchesRequestedNumeric>
            <ulex:NumberItemMatchesText>2</ulex:NumberItemMatchesText>
            <ulex:ServerLimitIndicator>false</ulex:ServerLimitIndicator>
        </ulex:SearchResponseMetadata>
        <!--=========================================================-->
        <!--=======================  Package #1  =======================-->
        <!--=========================================================-->
        <ulex:SearchResultPackage>
            <ulex:PackageMetadata>
                <ulex:DataItemID>12345678</ulex:DataItemID>
                <!-- DataItemContact is the person(s) who can be contacted about the data item  -->
                <!-- DataItemContact is optional, and there can be more than one -->
                <lexs:DataItemContact>
                    <!-- PersonName may be a split out name, or both a split out name and a full name.  Last name is required. -->
                    <nc:PersonSurName>Jackson</nc:PersonSurName>
                    <nc:PersonFullName>David Jackson</nc:PersonFullName>
                    <!-- Contact telephone number is required, other kinds of numbers optional -->
                    <nc:ContactTelephoneNumber>
                        <nc:FullTelephoneNumber>
                            <!-- Full phone number listed here, although the phone number could be split into parts -->
                            <nc:TelephoneNumberFullID>333-444-5555 x6</nc:TelephoneNumberFullID>
                        </nc:FullTelephoneNumber>
                    </nc:ContactTelephoneNumber>
                    <lexs:DataContactDomainAttribute>
                        <ulex:AttributeName>ContactRole</ulex:AttributeName>
                        <ulex:AttributeValueText>Arresting Officer</ulex:AttributeValueText>
                        <ulex:DomainName>GBI</ulex:DomainName>
                    </lexs:DataContactDomainAttribute>                    
                </lexs:DataItemContact>
                <ulex:DataItemDate>2006-12-13</ulex:DataItemDate>
                <!-- DataItemReferenceID may be the same as the DataItemID, or may be a more human-readable version of DataItemID -->
                <ulex:DataItemULEXImplementation>
                    <ulex:ULEXImplementationVersionText>4.0</ulex:ULEXImplementationVersionText>
                    <ulex:ULEXImplementationName>LEXS</ulex:ULEXImplementationName>
                </ulex:DataItemULEXImplementation>
                <ulex:DataItemReferenceID>1912345678</ulex:DataItemReferenceID>
                <lexs:DataItemStatusText>Closed_Case</lexs:DataItemStatusText>
                <!--=======================  Data Owner Metadata  =======================-->
                <ulex:DataOwnerMetadata>
                    <lexs:DataOwnerIdentifier>
                        <lexs:OriginatingAgencyID>AA1234567</lexs:OriginatingAgencyID>
                        <nc:OrganizationName>Hypothetical Agency A</nc:OrganizationName>
                        <lexs:SystemID>SysA</lexs:SystemID>
                    </lexs:DataOwnerIdentifier>
                    <lexs:DataOwnerContact>
                        <nc:PersonGivenName>Will</nc:PersonGivenName>
                        <nc:PersonSurName>Jones</nc:PersonSurName>
                        <nc:ContactTelephoneNumber>
                            <nc:FullTelephoneNumber>
                                <nc:TelephoneNumberFullID>111-222-3333</nc:TelephoneNumberFullID>
                            </nc:FullTelephoneNumber>
                        </nc:ContactTelephoneNumber>
                        <lexs:DataContactDomainAttribute>
                            <ulex:AttributeName>ContactRole</ulex:AttributeName>
                            <ulex:AttributeValueText>RMS Manager</ulex:AttributeValueText>
                            <ulex:DomainName>GBI</ulex:DomainName>
                        </lexs:DataContactDomainAttribute>
                    </lexs:DataOwnerContact>
                </ulex:DataOwnerMetadata>
                <lexs:DisseminationCriteria>
                    <lexs:DisseminationCriteriaDomainName>Test</lexs:DisseminationCriteriaDomainName>
                    <lexs:DisseminationCriteriaText>white</lexs:DisseminationCriteriaText>                
                </lexs:DisseminationCriteria>
            </ulex:PackageMetadata>
            <!--=======================  Digest  =======================-->
            <lexs:Digest>
                <lexsdigest:EntityPerson s:id="EPerson1">
                    <lexsdigest:Person s:id="Sub1">
                        <nc:PersonName>
                            <nc:PersonGivenName s:id="EPerson1PGN">Tommy</nc:PersonGivenName>
                            <nc:PersonSurName s:id="EPerson1PSN">Jones</nc:PersonSurName>
                        </nc:PersonName>
                        <nc:PersonSSNIdentification xsi:nil="false">
                            <nc:IdentificationID>333-44-5555</nc:IdentificationID>
                        </nc:PersonSSNIdentification>
                    </lexsdigest:Person>
                </lexsdigest:EntityPerson>
            </lexs:Digest>
            <!--=======================  Data Submitter Metadata  =======================-->
            <ulex:DataSubmitterMetadata>
                <lexs:SystemIdentifier>
                    <nc:OrganizationName>Hypothetical Organization C</nc:OrganizationName>
                    <lexs:SystemID>SysC</lexs:SystemID>
                </lexs:SystemIdentifier>
                <lexs:SystemContact>
                    <nc:PersonGivenName>Michael</nc:PersonGivenName>
                    <nc:PersonSurName>Park</nc:PersonSurName>
                    <!-- Contact telephone number is required, other kinds of numbers optional -->
                    <nc:ContactTelephoneNumber>
                        <!-- Phone number listed here split into parts, although the full phone number field could be used instead or in addition to the parts -->
                        <nc:NANPTelephoneNumber>
                            <nc:TelephoneAreaCodeID>202</nc:TelephoneAreaCodeID>
                            <nc:TelephoneExchangeID>555</nc:TelephoneExchangeID>
                            <nc:TelephoneLineID>1212</nc:TelephoneLineID>
                        </nc:NANPTelephoneNumber>
                    </nc:ContactTelephoneNumber>
                    <lexs:DataContactDomainAttribute>
                        <ulex:AttributeName>ContactRole</ulex:AttributeName>
                        <ulex:AttributeValueText>Data Center Operations</ulex:AttributeValueText>
                        <ulex:DomainName>GBI</ulex:DomainName>
                    </lexs:DataContactDomainAttribute>                    
                </lexs:SystemContact>
            </ulex:DataSubmitterMetadata>
        </ulex:SearchResultPackage>
        <!--=========================================================-->
        <!--=======================  Package #2  =======================-->
        <!--=========================================================-->
        <ulex:SearchResultPackage>
            <ulex:PackageMetadata>
                <ulex:DataItemID>12345679</ulex:DataItemID>
                <!-- DataItemContact is the person(s) who can be contacted about the data item  -->
                <!-- DataItemContact is optional, and there can be more than one -->
                <lexs:DataItemContact>
                    <!-- PersonName may be a split out name, or both a split out name and a full name.  Last name is required. -->
                    <nc:PersonSurName>Jackson</nc:PersonSurName>
                    <nc:PersonFullName>David Jackson</nc:PersonFullName>
                    <!-- Contact telephone number is required, other kinds of numbers optional -->
                    <nc:ContactTelephoneNumber>
                        <nc:FullTelephoneNumber>
                            <!-- Full phone number listed here, although the phone number could be split into parts -->
                            <nc:TelephoneNumberFullID>333-444-5555 x6</nc:TelephoneNumberFullID>
                        </nc:FullTelephoneNumber>
                    </nc:ContactTelephoneNumber>
                </lexs:DataItemContact>
                <ulex:DataItemDate>2006-12-13</ulex:DataItemDate>
                <!-- DataItemReferenceID may be the same as the DataItemID, or may be a more human-readable version of DataItemID -->
                <ulex:DataItemReferenceID>1912345679</ulex:DataItemReferenceID>
                <lexs:DataItemStatusText>Closed_Case</lexs:DataItemStatusText>
                <!--=======================  Data Owner Metadata  =======================-->
                <ulex:DataOwnerMetadata>
                    <lexs:DataOwnerIdentifier>
                        <lexs:OriginatingAgencyID>DD1234567</lexs:OriginatingAgencyID>
                        <nc:OrganizationName>Hypothetical Agency D</nc:OrganizationName>
                        <lexs:SystemID>SysD</lexs:SystemID>
                    </lexs:DataOwnerIdentifier>
                    <lexs:DataOwnerContact>
                        <nc:PersonGivenName>Will</nc:PersonGivenName>
                        <nc:PersonSurName>Dee</nc:PersonSurName>
                        <nc:ContactTelephoneNumber>
                            <nc:FullTelephoneNumber>
                                <nc:TelephoneNumberFullID>222-222-3333</nc:TelephoneNumberFullID>
                            </nc:FullTelephoneNumber>
                        </nc:ContactTelephoneNumber>
                    </lexs:DataOwnerContact>
                </ulex:DataOwnerMetadata>
                <lexs:DisseminationCriteria>
                    <lexs:DisseminationCriteriaDomainName>Test</lexs:DisseminationCriteriaDomainName>
                    <lexs:DisseminationCriteriaText>white</lexs:DisseminationCriteriaText>                                
                </lexs:DisseminationCriteria>
            </ulex:PackageMetadata>
            <!--=======================  Digest  =======================-->
            <lexs:Digest>
                <lexsdigest:EntityPerson s:id="ESub2">
                    <lexsdigest:Person s:id="Sub2">
                        <nc:PersonName>
                            <nc:PersonGivenName s:id="ESub2PGN">Tommy</nc:PersonGivenName>
                            <nc:PersonMiddleName>Lee</nc:PersonMiddleName>
                            <nc:PersonSurName s:id="ESub2PSN">Jones</nc:PersonSurName>
                        </nc:PersonName>
                        <nc:PersonSSNIdentification xsi:nil="false">
                            <nc:IdentificationID>034-78-6532</nc:IdentificationID>
                        </nc:PersonSSNIdentification>
                    </lexsdigest:Person>
                </lexsdigest:EntityPerson>
            </lexs:Digest>
            <ulex:StructuredPayload ulexlib:id="SP1">
                <ulex:StructuredPayloadMetadata>
                    <!-- URI is an identifier that uniquely identifies the community (or program)  that defined the schema for this structured payload.  -->
                    <!-- This should be the namespace for the the structured payload. -->
                    <ulex:CommunityURI>http://somewhere.gov/new-community</ulex:CommunityURI>
                    <!-- Description is an abbreviation or name for the community (or program), such as NDEx or RDEx -->
                    <ulex:CommunityDescriptionText>New Community</ulex:CommunityDescriptionText>
                    <!-- Version is the version for the community providing the information, so for example version 2.1b -->
                    <ulex:CommunityVersionText>1.0</ulex:CommunityVersionText>
                </ulex:StructuredPayloadMetadata>
                <ulex:StructuredPayloadContent>
                    <new:IncidentReport xmlns:new="http://somewhere.gov/new-community">
                        <new:Person s:id="SPPerson1">
                            <nc:PersonHairStyleText>pageboy</nc:PersonHairStyleText>
                        </new:Person>
                        <j:Incident s:id="SPIncident1">
                            <j:IncidentArrestMadeIndicator s:id="SPIncident1Indicator">true</j:IncidentArrestMadeIndicator>
                        </j:Incident>
                    </new:IncidentReport>                        
                </ulex:StructuredPayloadContent>
            </ulex:StructuredPayload>            
            <!--=======================  Package Attachment Link Mugshot  =======================-->
            <ulex:AttachmentSummary ulexlib:id="PAttachment2">
                <ulex:AttachmentDescriptionText>Mug shot for Tommy Lee Jones</ulex:AttachmentDescriptionText>
                <ulex:AttachmentURI>http://www.gtri.org/LEXS/examples/TommyJonesMugshot1.jpg</ulex:AttachmentURI>
                <ulex:AttachmentViewableIndicator>true</ulex:AttachmentViewableIndicator>
            </ulex:AttachmentSummary>
            <!--=======================  Associations  =======================-->
            <ulex:Linkages>
                <lexsdigest:PersonFacialImageConnection >
                    <ulexlib:AttachmentSummaryReference ulexlib:validatingObjectReference="PAttachment2"/>
                    <ulexlib:DigestObjectReference ulexlib:validatingObjectReference="Sub2"/>
                </lexsdigest:PersonFacialImageConnection>
            </ulex:Linkages>
            <!--=======================  Data Submitter Metadata  =======================-->
            <ulex:DataSubmitterMetadata>
                <lexs:SystemIdentifier>
                    <lexs:OriginatingAgencyID>DD1234567</lexs:OriginatingAgencyID>
                    <nc:OrganizationName>Hypothetical Organization D</nc:OrganizationName>
                    <lexs:SystemID>SysD</lexs:SystemID>
                </lexs:SystemIdentifier>
                <lexs:SystemContact>
                    <nc:PersonGivenName>Michael</nc:PersonGivenName>
                    <nc:PersonSurName>Smith</nc:PersonSurName>
                    <!-- Contact telephone number is required, other kinds of numbers optional -->
                    <nc:ContactTelephoneNumber>
                        <!-- Phone number listed here split into parts, although the full phone number field could be used instead or in addition to the parts -->
                        <nc:NANPTelephoneNumber>
                            <nc:TelephoneAreaCodeID>303</nc:TelephoneAreaCodeID>
                            <nc:TelephoneExchangeID>555</nc:TelephoneExchangeID>
                            <nc:TelephoneLineID>1212</nc:TelephoneLineID>
                        </nc:NANPTelephoneNumber>
                    </nc:ContactTelephoneNumber>
                </lexs:SystemContact>
            </ulex:DataSubmitterMetadata>
        </ulex:SearchResultPackage>
    </ulex:SearchResponseMessage>
</ulexsr:doSearchResponse>