<?xml version="1.0" encoding="UTF-8"?>
<!--
    Document: $Id: getDataItemWithAttachmentsRequest.xml 27480 2011-07-27 06:26:58Z ys34 $
    Original : 11/6/2009
    LEXS version  : 4.0
    ULEX version : 2.0
    Description   : 
        Sample XML instance for the get data item with attachments request message.
-->
<ulexsr:getDataItemWithAttachmentsRequest

    xmlns:ulex="http://ulex.gov/ulex/2.0" 
    xmlns:ulexsr="http://ulex.gov/searchretrieve/2.0"    
    xmlns:ulexcodes="http://ulex.gov/codes/2.0"    
    xmlns:ulexlib="http://ulex.gov/library/2.0"
    
    xmlns:j="http://niem.gov/niem/domains/jxdm/4.1"
    xmlns:nc="http://niem.gov/niem/niem-core/2.0"
    xmlns:em="http://niem.gov/niem/domains/emergencyManagement/2.0" 
    xmlns:im="http://niem.gov/niem/domains/immigration/2.0" 
    xmlns:scr="http://niem.gov/niem/domains/screening/2.0"
    xmlns:s="http://niem.gov/niem/structures/2.0"
    xmlns:lexs="http://lexs.gov/lexs/4.0" 
    xmlns:wsa="http://www.w3.org/2005/08/addressing"
    xmlns:lexsdigest="http://lexs.gov/digest/4.0"
    
    xmlns:xsi="http://www.w3.org/2001/XMLSchema-instance" 
    xsi:schemaLocation="http://ulex.gov/searchretrieve/2.0 ../../xsd/ulex.gov/ulex-search-retrieve/2.0/ulex-search-retrieve.xsd">
    <ulex:DataItemRequestMessage>
        <ulex:SRMessageMetadata>
            <ulex:ULEXFrameworkVersionText>2.0</ulex:ULEXFrameworkVersionText>
            <ulex:ULEXImplementation>
                <ulex:ULEXImplementationVersionText>4.0</ulex:ULEXImplementationVersionText>
                <ulex:ULEXImplementationName>LEXS</ulex:ULEXImplementationName>
            </ulex:ULEXImplementation>
            <ulex:MessageDateTime>2006-12-17T09:30:47.0Z</ulex:MessageDateTime>
            <wsa:MessageID>uuid:ab19b2f2-d64c-44c6-ab18-61dde2f25e6l</wsa:MessageID>
            <!--====================== Message Origin ==========================-->
            <ulex:MessageOriginMetadata>
                <lexs:SystemIdentifier>
                    <!-- OriginatingAgencyID is optional here and was not included in the sample  -->
                    <nc:OrganizationName>Hypothetical Organization F</nc:OrganizationName>
                    <lexs:SystemID>SysF</lexs:SystemID>                
                </lexs:SystemIdentifier>
                <lexs:SystemContact>
                    <nc:PersonGivenName>Bob</nc:PersonGivenName>
                    <nc:PersonSurName>Jones</nc:PersonSurName>
                    <nc:ContactTelephoneNumber>
                        <nc:FullTelephoneNumber>
                            <nc:TelephoneNumberFullID>404-555-1212</nc:TelephoneNumberFullID>
                        </nc:FullTelephoneNumber>
                    </nc:ContactTelephoneNumber>
                </lexs:SystemContact>
            </ulex:MessageOriginMetadata>
            <!--====================== Message Destination ==========================-->
            <lexs:MessageDestinationIdentifier>
                <!-- OriginatingAgencyID is optional here and was not included in the sample  -->
                <nc:OrganizationName>Hypothetical Organization E</nc:OrganizationName>
                <lexs:SystemID>SysE</lexs:SystemID>
            </lexs:MessageDestinationIdentifier>
        </ulex:SRMessageMetadata>
        <lexs:UserAssertion>
            <lexs:UserID>ABC123</lexs:UserID>
            <nc:PersonGivenName>Bill</nc:PersonGivenName>
            <nc:PersonSurName>Jones</nc:PersonSurName>
            <nc:ContactTelephoneNumber>
                <nc:NANPTelephoneNumber>
                    <nc:TelephoneAreaCodeID>111</nc:TelephoneAreaCodeID>
                    <nc:TelephoneExchangeID>222</nc:TelephoneExchangeID>
                    <nc:TelephoneLineID>3333</nc:TelephoneLineID>
                </nc:NANPTelephoneNumber>
            </nc:ContactTelephoneNumber>
            <nc:OrganizationName>ATF</nc:OrganizationName>
        </lexs:UserAssertion>
        <ulex:DataItemID>12345679</ulex:DataItemID>
        <ulex:StructuredPayloadsRequestedCode>all</ulex:StructuredPayloadsRequestedCode>
    </ulex:DataItemRequestMessage>
</ulexsr:getDataItemWithAttachmentsRequest>