<?xml version="1.0" encoding="UTF-8"?>
<!--
    Document: $Id: getDataOwnersResponse.xml 27479 2011-07-27 06:25:45Z ys34 $
    Original : 11/6/2009
    LEXS version  : 4.0
    ULEX version : 2.0
    Description   : 
        Sample XML instance for the get data owners response message.
-->
<ulexsr:getDataOwnersResponse

    xmlns:ulex="http://ulex.gov/ulex/2.0" 
    xmlns:ulexsr="http://ulex.gov/searchretrieve/2.0"
    
    xmlns:nc="http://niem.gov/niem/niem-core/2.0"
    xmlns:lexs="http://lexs.gov/lexs/4.0" 
    xmlns:wsa="http://www.w3.org/2005/08/addressing"
    
    xmlns:xsi="http://www.w3.org/2001/XMLSchema-instance" 
    xsi:schemaLocation="http://ulex.gov/searchretrieve/2.0 ../../xsd/ulex.gov/ulex-search-retrieve/2.0/ulex-search-retrieve.xsd">
    <ulex:DataOwnersResponseMessage>
        <ulex:SRMessageMetadata>
            <ulex:ULEXFrameworkVersionText>2.0</ulex:ULEXFrameworkVersionText>
            <ulex:ULEXImplementation>
                <ulex:ULEXImplementationVersionText>4.0</ulex:ULEXImplementationVersionText>
                <ulex:ULEXImplementationName>LEXS</ulex:ULEXImplementationName>
            </ulex:ULEXImplementation>
            <ulex:MessageDateTime>2006-12-17T09:30:47.0Z</ulex:MessageDateTime>
            <wsa:MessageID>uuid:d03bff59-7323-4f60-b080-fc2b1d873f0c</wsa:MessageID>
            <wsa:RelatesTo>uuid:ab19b2f2-d64c-44c6-ab18-61dde2f25e6m</wsa:RelatesTo>
            <!--=======================  Message Origin  =======================-->
            <ulex:MessageOriginMetadata>
                <lexs:SystemIdentifier>
                    <!-- OriginatingAgencyID is optional here and was not included in the sample  -->
                    <nc:OrganizationName>Hypothetical Organization E</nc:OrganizationName>
                    <lexs:SystemID>SysE</lexs:SystemID>
                </lexs:SystemIdentifier>
                <lexs:SystemContact>
                    <nc:PersonGivenName>Jim</nc:PersonGivenName>
                    <nc:PersonSurName>West</nc:PersonSurName>
                    <nc:ContactTelephoneNumber>
                        <nc:FullTelephoneNumber>
                            <nc:TelephoneNumberFullID>770-555-1212</nc:TelephoneNumberFullID>
                        </nc:FullTelephoneNumber>
                    </nc:ContactTelephoneNumber>
                </lexs:SystemContact>
            </ulex:MessageOriginMetadata>
            <!--====================== Message Destination ==========================-->
            <lexs:MessageDestinationIdentifier>
                <!-- OriginatingAgencyID is optional here and was not included in the sample  -->
                <nc:OrganizationName>Hypothetical Organization F</nc:OrganizationName>
                <lexs:SystemID>SysF</lexs:SystemID>
            </lexs:MessageDestinationIdentifier>
        </ulex:SRMessageMetadata>
        <ulex:ResponseMetadata>
            <ulex:ResultCode>Success</ulex:ResultCode>
        </ulex:ResponseMetadata>
        <!--=======================  Data Source 1  =======================-->
        <ulex:DataOwnerInformation>
            <ulex:DataOwnerMetadata>
                <lexs:DataOwnerIdentifier>
                    <lexs:OriginatingAgencyID>AA1234567</lexs:OriginatingAgencyID>
                    <nc:OrganizationName>Hypothetical Agency A</nc:OrganizationName>
                    <lexs:SystemID>SysA</lexs:SystemID>
                </lexs:DataOwnerIdentifier>
                <lexs:DataOwnerContact>
                    <nc:PersonGivenName>Will</nc:PersonGivenName>
                    <nc:PersonSurName>Jones</nc:PersonSurName>
                    <nc:ContactTelephoneNumber>
                        <nc:FullTelephoneNumber>
                            <nc:TelephoneNumberFullID>111-222-3333</nc:TelephoneNumberFullID>
                        </nc:FullTelephoneNumber>
                    </nc:ContactTelephoneNumber>
                </lexs:DataOwnerContact>
            </ulex:DataOwnerMetadata>
            <ulex:StructuredSearchIndicator>true</ulex:StructuredSearchIndicator>
            <ulex:TextSearchIndicator>true</ulex:TextSearchIndicator>
            <ulex:DataItemCategory>
                <ulex:DataItemCategoryText>Incident</ulex:DataItemCategoryText>
                <ulex:DataItemCategoryDescriptionText>Incident Reports</ulex:DataItemCategoryDescriptionText>
            </ulex:DataItemCategory>
            <ulex:DataItemCategory>
                <ulex:DataItemCategoryText>Arrest</ulex:DataItemCategoryText>
                <ulex:DataItemCategoryDescriptionText>Arrest Reports</ulex:DataItemCategoryDescriptionText>
            </ulex:DataItemCategory>
        </ulex:DataOwnerInformation>
        <!--=======================  Data Source 2  =======================-->
        <ulex:DataOwnerInformation>
            <ulex:DataOwnerMetadata>
                <lexs:DataOwnerIdentifier>
                    <lexs:OriginatingAgencyID>DD1234567</lexs:OriginatingAgencyID>
                    <nc:OrganizationName>Hypothetical Agency D</nc:OrganizationName>
                    <lexs:SystemID>SysD</lexs:SystemID>
                </lexs:DataOwnerIdentifier>
                <lexs:DataOwnerContact>
                    <nc:PersonGivenName>Will</nc:PersonGivenName>
                    <nc:PersonSurName>Dee</nc:PersonSurName>
                    <nc:ContactTelephoneNumber>
                        <nc:FullTelephoneNumber>
                            <nc:TelephoneNumberFullID>222-222-3333</nc:TelephoneNumberFullID>
                        </nc:FullTelephoneNumber>
                    </nc:ContactTelephoneNumber>
                </lexs:DataOwnerContact>
            </ulex:DataOwnerMetadata>
            <ulex:StructuredSearchIndicator>true</ulex:StructuredSearchIndicator>
            <ulex:TextSearchIndicator>false</ulex:TextSearchIndicator>
            <ulex:DataItemCategory>
                <ulex:DataItemCategoryText>Field Interview</ulex:DataItemCategoryText>
                <ulex:DataItemCategoryDescriptionText>Field Interviews</ulex:DataItemCategoryDescriptionText>
            </ulex:DataItemCategory>
        </ulex:DataOwnerInformation>
    </ulex:DataOwnersResponseMessage>
</ulexsr:getDataOwnersResponse>