<?xml version="1.0" encoding="UTF-8"?>
<!--
    Document: $Id: domainAction.xml 28450 2011-09-28 06:13:47Z ys34 $
    Original : 7/15/2007
    LEXS version  : 4.0
    ULEX version : 2.0
    Description   :
        Sample XML instance for the domain action message.
-->
<ulexde:domainAction
    
    xmlns:ulex="http://ulex.gov/ulex/2.0"
    xmlns:ulexsr="http://ulex.gov/searchretrieve/2.0"
    xmlns:ulexde="http://ulex.gov/domainexchange/2.0"
    xmlns:ulexcodes="http://ulex.gov/codes/2.0"
    xmlns:ulexlib="http://ulex.gov/library/2.0"

    xmlns:j="http://niem.gov/niem/domains/jxdm/4.1"
    xmlns:nc="http://niem.gov/niem/niem-core/2.0"
    xmlns:em="http://niem.gov/niem/domains/emergencyManagement/2.1"
    xmlns:im="http://niem.gov/niem/domains/immigration/2.1"
    xmlns:scr="http://niem.gov/niem/domains/screening/2.1"
    xmlns:s="http://niem.gov/niem/structures/2.0"
    xmlns:lexs="http://lexs.gov/lexs/4.0"
    xmlns:wsa="http://www.w3.org/2005/08/addressing"
    xmlns:lexsdigest="http://lexs.gov/digest/4.0"

    xmlns:xsi="http://www.w3.org/2001/XMLSchema-instance"
    xsi:schemaLocation="http://ulex.gov/domainexchange/2.0 ../../xsd/ulex.gov/ulex-domain-exchange/2.0/ulex-domain-exchange.xsd">

    <ulex:DomainActionMessage>
        <ulex:DEMessageMetadata>
            <ulex:ULEXFrameworkVersionText>2.0</ulex:ULEXFrameworkVersionText>
            <ulex:ULEXImplementation>
                <ulex:ULEXImplementationVersionText>4.0</ulex:ULEXImplementationVersionText>
                <ulex:ULEXImplementationName>LEXS</ulex:ULEXImplementationName>
            </ulex:ULEXImplementation>
            <ulex:MessageDateTime>2006-12-17T09:30:47.0Z</ulex:MessageDateTime>
            <wsa:MessageID>uuid:ab19b2f2-d64c-44c6-ab18-61dde2f25e61</wsa:MessageID>
            <lexs:DataSensitivityText>SBU</lexs:DataSensitivityText>
        </ulex:DEMessageMetadata>
        <!--=======================  Data Submitter Metadata  =======================-->
        <ulex:DataSubmitterMetadata>
            <lexs:SystemIdentifier>
                <nc:OrganizationName>Hypothetical Organization C</nc:OrganizationName>
                <lexs:SystemID>SysC</lexs:SystemID>
            </lexs:SystemIdentifier>
            <lexs:SystemContact>
                <nc:PersonGivenName>Michael</nc:PersonGivenName>
                <nc:PersonSurName>Park</nc:PersonSurName>
                <!-- Contact telephone number is required, other kinds of numbers optional -->
                <nc:ContactTelephoneNumber>
                    <!-- Phone number listed here split into parts, although the full phone number field could be used instead or in addition to the parts -->
                    <nc:NANPTelephoneNumber>
                        <nc:TelephoneAreaCodeID>202</nc:TelephoneAreaCodeID>
                        <nc:TelephoneExchangeID>555</nc:TelephoneExchangeID>
                        <nc:TelephoneLineID>1212</nc:TelephoneLineID>
                    </nc:NANPTelephoneNumber>
                </nc:ContactTelephoneNumber>
            </lexs:SystemContact>
        </ulex:DataSubmitterMetadata>
        <ulex:DomainAttribute>
            <ulex:AttributeName>EBTS</ulex:AttributeName>
            <ulex:AttributeValueText>FingerprintTest</ulex:AttributeValueText>
            <ulex:DomainName>FBI</ulex:DomainName>
        </ulex:DomainAttribute>
    </ulex:DomainActionMessage>
</ulexde:domainAction>
