<?xml version="1.0" encoding="UTF-8"?>
<!--Sample XML file generated by XMLSpy v2007 (http://www.altova.com)-->
<OP:RegisteredSexOffenderPackage xsi:schemaLocation="http://www.iir.com/sorna/NIEM/2.1/OP/1.0 ../XMLschemas/exchange/OffPackage.xsd" xmlns:j="http://niem.gov/niem/domains/jxdm/4.1" xmlns:s="http://niem.gov/niem/structures/2.0" xmlns:nc="http://niem.gov/niem/niem-core/2.0" xmlns:OP="http://www.iir.com/sorna/NIEM/2.1/OP/1.0" xmlns:OP-ext="http://www.iir.com/sorna/NIEM/2.1/OP/extension/1.0" xmlns:xsi="http://www.w3.org/2001/XMLSchema-instance">
	<nc:DocumentCreationDate>
		<nc:Date>1967-08-13</nc:Date>
	</nc:DocumentCreationDate>
	<nc:DocumentIdentification>
		<nc:IdentificationID>String</nc:IdentificationID>
	</nc:DocumentIdentification>
	<OP-ext:RegisteredOffender>
		<nc:RoleOfPersonReference/>
		<j:RegisteredOffenderConviction>
			<nc:ActivityDate>
				<nc:Date>1967-08-13</nc:Date>
			</nc:ActivityDate>
			<nc:ActivityDescriptionText>String</nc:ActivityDescriptionText>
			<j:ConvictionCharge>
				<j:ChargeDescriptionText>String</j:ChargeDescriptionText>
			</j:ConvictionCharge>
			<j:ConvictionChargeCountQuantity>1</j:ConvictionChargeCountQuantity>
		</j:RegisteredOffenderConviction>
		<j:RegisteredOffenderDescription>String</j:RegisteredOffenderDescription>
		<j:RegisteredOffenderEntryDate>
			<nc:Date>1967-08-13</nc:Date>
		</j:RegisteredOffenderEntryDate>
		<j:RegisteredOffenderIdentification>
			<nc:IdentificationID>String</nc:IdentificationID>
			<nc:IdentificationCategoryText>String</nc:IdentificationCategoryText>
			<nc:IdentificationCategoryDescriptionText>String</nc:IdentificationCategoryDescriptionText>
			<nc:IdentificationJurisdictionText>String</nc:IdentificationJurisdictionText>
			<nc:IdentificationSourceText>String</nc:IdentificationSourceText>
		</j:RegisteredOffenderIdentification>
		<j:RegisteredOffenderPredatorIndicator>true</j:RegisteredOffenderPredatorIndicator>
		<j:RegisteredOffenderStartDate>
			<nc:Date>1967-08-13</nc:Date>
		</j:RegisteredOffenderStartDate>
		<j:RegisteredOffenderStatusIndicator>true</j:RegisteredOffenderStatusIndicator>
		<j:RegisteredOffenderCategoryText>String</j:RegisteredOffenderCategoryText>
		<j:AbscondIndicator>true</j:AbscondIndicator>
		<OP-ext:RegisteredOffenderIndicators>
			<OP-ext:PublicDisclosureIndicator>true</OP-ext:PublicDisclosureIndicator>
			<OP-ext:ImageDisplayIndicator>true</OP-ext:ImageDisplayIndicator>
			<OP-ext:DNACollectedIndicator>true</OP-ext:DNACollectedIndicator>
			<OP-ext:FingerprintsCollectedIndicator>true</OP-ext:FingerprintsCollectedIndicator>
			<OP-ext:JuvenileConvictionIndicator>true</OP-ext:JuvenileConvictionIndicator>
		</OP-ext:RegisteredOffenderIndicators>
		<OP-ext:ImmigrationStatus>
			<nc:StatusText>String</nc:StatusText>
			<nc:StatusDate>
				<nc:Date>1967-08-13</nc:Date>
			</nc:StatusDate>
			<nc:StatusDescriptionText>String</nc:StatusDescriptionText>
		</OP-ext:ImmigrationStatus>
		<OP-ext:InternetIdentification>
			<nc:IdentificationID>String</nc:IdentificationID>
			<nc:IdentificationCategoryText>String</nc:IdentificationCategoryText>
			<nc:IdentificationCategoryDescriptionText>String</nc:IdentificationCategoryDescriptionText>
			<nc:IdentificationJurisdictionText>String</nc:IdentificationJurisdictionText>
			<nc:IdentificationSourceText>String</nc:IdentificationSourceText>
		</OP-ext:InternetIdentification>
		<OP-ext:OffenderSupervisionInformation>String</OP-ext:OffenderSupervisionInformation>
	</OP-ext:RegisteredOffender>
	<OP-ext:SendingJurisdiction>
		<nc:OrganizationDescriptionText>String</nc:OrganizationDescriptionText>
		<nc:OrganizationIdentification>
			<nc:IdentificationID xsi:nil="true"></nc:IdentificationID>
			<j:IdentificationJurisdictionNCICLISCode>NY</j:IdentificationJurisdictionNCICLISCode>
		</nc:OrganizationIdentification>
		<nc:OrganizationLocation>
			<nc:LocationAddress>
				<nc:StructuredAddress>
					<nc:LocationStreet>
						<nc:StreetFullText>String</nc:StreetFullText>
					</nc:LocationStreet>
					<nc:LocationCityName>String</nc:LocationCityName>
					<nc:LocationCountyName>String</nc:LocationCountyName>
					<nc:LocationStateNCICLSTACode>AB</nc:LocationStateNCICLSTACode>
					<nc:LocationPostalCode>String</nc:LocationPostalCode>
					<nc:LocationPostalExtensionCode>String</nc:LocationPostalExtensionCode>
				</nc:StructuredAddress>
			</nc:LocationAddress>
			<nc:LocationCategoryText>String</nc:LocationCategoryText>
			<nc:LocationContactInformation>
				<nc:ContactTelephoneNumber>
					<nc:FullTelephoneNumber>
						<nc:TelephoneNumberFullID>String</nc:TelephoneNumberFullID>
					</nc:FullTelephoneNumber>
				</nc:ContactTelephoneNumber>
			</nc:LocationContactInformation>
			<nc:LocationDescriptionText>String</nc:LocationDescriptionText>
			<nc:LocationTwoDimensionalGeographicCoordinate>
				<nc:GeographicCoordinateLatitude>
					<nc:LatitudeDegreeValue>-90</nc:LatitudeDegreeValue>
				</nc:GeographicCoordinateLatitude>
				<nc:GeographicCoordinateLongitude>
					<nc:LongitudeDegreeValue>-180</nc:LongitudeDegreeValue>
				</nc:GeographicCoordinateLongitude>
			</nc:LocationTwoDimensionalGeographicCoordinate>
		</nc:OrganizationLocation>
		<nc:OrganizationName>String</nc:OrganizationName>
		<nc:OrganizationPrimaryContactInformation>
			<nc:ContactTelephoneNumber>
				<nc:FullTelephoneNumber>
					<nc:TelephoneNumberFullID>String</nc:TelephoneNumberFullID>
				</nc:FullTelephoneNumber>
			</nc:ContactTelephoneNumber>
		</nc:OrganizationPrimaryContactInformation>
		<OP-ext:SORNAJurisdictionCode>AK</OP-ext:SORNAJurisdictionCode>
		<OP-ext:JurisdictionDepartureDate>
			<nc:Date>2012-09-14</nc:Date>
		</OP-ext:JurisdictionDepartureDate>
		<OP-ext:JurisdictionArrivalDate>
			<nc:Date>2012-09-14</nc:Date>
		</OP-ext:JurisdictionArrivalDate>
	</OP-ext:SendingJurisdiction>
	<OP-ext:ReceivingJurisdiction>
		<nc:OrganizationDescriptionText>String</nc:OrganizationDescriptionText>
		<nc:OrganizationIdentification>
			<nc:IdentificationID xsi:nil="true"></nc:IdentificationID>
			<j:IdentificationJurisdictionNCICLISCode>CA</j:IdentificationJurisdictionNCICLISCode>
		</nc:OrganizationIdentification>
		<nc:OrganizationLocation>
			<nc:LocationAddress>
				<nc:StructuredAddress>
					<nc:LocationStreet>
						<nc:StreetFullText>String</nc:StreetFullText>
					</nc:LocationStreet>
					<nc:LocationCityName>String</nc:LocationCityName>
					<nc:LocationCountyName>String</nc:LocationCountyName>
					<nc:LocationStateNCICLSTACode>AB</nc:LocationStateNCICLSTACode>
					<nc:LocationPostalCode>String</nc:LocationPostalCode>
					<nc:LocationPostalExtensionCode>String</nc:LocationPostalExtensionCode>
				</nc:StructuredAddress>
			</nc:LocationAddress>
			<nc:LocationCategoryText>String</nc:LocationCategoryText>
			<nc:LocationContactInformation>
				<nc:ContactTelephoneNumber>
					<nc:FullTelephoneNumber>
						<nc:TelephoneNumberFullID>String</nc:TelephoneNumberFullID>
					</nc:FullTelephoneNumber>
				</nc:ContactTelephoneNumber>
			</nc:LocationContactInformation>
			<nc:LocationDescriptionText>String</nc:LocationDescriptionText>
			<nc:LocationTwoDimensionalGeographicCoordinate>
				<nc:GeographicCoordinateLatitude>
					<nc:LatitudeDegreeValue>-90</nc:LatitudeDegreeValue>
				</nc:GeographicCoordinateLatitude>
				<nc:GeographicCoordinateLongitude>
					<nc:LongitudeDegreeValue>-180</nc:LongitudeDegreeValue>
				</nc:GeographicCoordinateLongitude>
			</nc:LocationTwoDimensionalGeographicCoordinate>
		</nc:OrganizationLocation>
		<nc:OrganizationName>String</nc:OrganizationName>
		<nc:OrganizationPrimaryContactInformation>
			<nc:ContactTelephoneNumber>
				<nc:FullTelephoneNumber>
					<nc:TelephoneNumberFullID>String</nc:TelephoneNumberFullID>
				</nc:FullTelephoneNumber>
			</nc:ContactTelephoneNumber>
		</nc:OrganizationPrimaryContactInformation>
		<OP-ext:SORNAJurisdictionCode>ABOM</OP-ext:SORNAJurisdictionCode>
		<OP-ext:JurisdictionDepartureDate>
			<nc:Date>2012-09-14</nc:Date>
		</OP-ext:JurisdictionDepartureDate>
		<OP-ext:JurisdictionArrivalDate>
			<nc:Date>2012-09-14</nc:Date>
		</OP-ext:JurisdictionArrivalDate>
	</OP-ext:ReceivingJurisdiction>
	<OP-ext:Person>
		<nc:PersonAgeMeasure>
			<nc:MeasureText>String</nc:MeasureText>
		</nc:PersonAgeMeasure>
		<nc:PersonAlternateName>
			<nc:PersonNamePrefixText>String</nc:PersonNamePrefixText>
			<nc:PersonGivenName>String</nc:PersonGivenName>
			<nc:PersonMiddleName>String</nc:PersonMiddleName>
			<nc:PersonSurName>String</nc:PersonSurName>
			<nc:PersonNameSuffixText>String</nc:PersonNameSuffixText>
			<nc:PersonFullName>String</nc:PersonFullName>
		</nc:PersonAlternateName>
		<nc:PersonBirthDate>
			<nc:Date>1967-08-13</nc:Date>
		</nc:PersonBirthDate>
		<nc:PersonEyeColorCode>BLK</nc:PersonEyeColorCode>
		<nc:PersonHairColorCode>BLK</nc:PersonHairColorCode>
		<nc:PersonHeightMeasure>
			<nc:MeasureText>String</nc:MeasureText>
		</nc:PersonHeightMeasure>
		<nc:PersonLicenseIdentification>
			<nc:IdentificationID>String</nc:IdentificationID>
			<nc:IdentificationCategoryText>String</nc:IdentificationCategoryText>
			<nc:IdentificationCategoryDescriptionText>String</nc:IdentificationCategoryDescriptionText>
			<nc:IdentificationJurisdictionText>String</nc:IdentificationJurisdictionText>
			<nc:IdentificationSourceText>String</nc:IdentificationSourceText>
		</nc:PersonLicenseIdentification>
		<nc:PersonLivingIndicator>true</nc:PersonLivingIndicator>
		<nc:PersonName>
			<nc:PersonNamePrefixText>String</nc:PersonNamePrefixText>
			<nc:PersonGivenName>String</nc:PersonGivenName>
			<nc:PersonMiddleName>String</nc:PersonMiddleName>
			<nc:PersonSurName>String</nc:PersonSurName>
			<nc:PersonNameSuffixText>String</nc:PersonNameSuffixText>
			<nc:PersonFullName>String</nc:PersonFullName>
		</nc:PersonName>
		<nc:PersonOtherIdentification>
			<nc:IdentificationID>String</nc:IdentificationID>
			<nc:IdentificationCategoryText>String</nc:IdentificationCategoryText>
			<nc:IdentificationCategoryDescriptionText>String</nc:IdentificationCategoryDescriptionText>
			<nc:IdentificationJurisdictionText>String</nc:IdentificationJurisdictionText>
			<nc:IdentificationSourceText>String</nc:IdentificationSourceText>
		</nc:PersonOtherIdentification>
		<nc:PersonPhysicalFeature>
			<nc:PhysicalFeatureCategoryCode>ART ARM</nc:PhysicalFeatureCategoryCode>
			<nc:PhysicalFeatureDescriptionText>String</nc:PhysicalFeatureDescriptionText>
		</nc:PersonPhysicalFeature>
		<nc:PersonRaceCode>A</nc:PersonRaceCode>
		<nc:PersonSexCode>F</nc:PersonSexCode>
		<nc:PersonSSNIdentification>
			<nc:IdentificationID>String</nc:IdentificationID>
			<nc:IdentificationCategoryText>String</nc:IdentificationCategoryText>
			<nc:IdentificationCategoryDescriptionText>String</nc:IdentificationCategoryDescriptionText>
			<nc:IdentificationJurisdictionText>String</nc:IdentificationJurisdictionText>
			<nc:IdentificationSourceText>String</nc:IdentificationSourceText>
		</nc:PersonSSNIdentification>
		<nc:PersonWeightMeasure>
			<nc:MeasureText>String</nc:MeasureText>
		</nc:PersonWeightMeasure>
		<j:PersonAugmentation>
			<nc:DriverLicense>
				<nc:DriverLicenseIdentification>
					<nc:IdentificationID>String</nc:IdentificationID>
					<nc:IdentificationCategoryText>String</nc:IdentificationCategoryText>
					<nc:IdentificationCategoryDescriptionText>String</nc:IdentificationCategoryDescriptionText>
					<nc:IdentificationJurisdictionText>String</nc:IdentificationJurisdictionText>
					<nc:IdentificationSourceText>String</nc:IdentificationSourceText>
				</nc:DriverLicenseIdentification>
			</nc:DriverLicense>
			<j:PersonFBIIdentification>
				<nc:IdentificationID>String</nc:IdentificationID>
				<nc:IdentificationCategoryText>String</nc:IdentificationCategoryText>
				<nc:IdentificationCategoryDescriptionText>String</nc:IdentificationCategoryDescriptionText>
				<nc:IdentificationJurisdictionText>String</nc:IdentificationJurisdictionText>
				<nc:IdentificationSourceText>String</nc:IdentificationSourceText>
			</j:PersonFBIIdentification>
		</j:PersonAugmentation>
		<OP-ext:PersonDigitalImage>
			<nc:BinaryBase64Object>UjBsR09EbGhjZ0dTQUxNQUFBUUNBRU1tQ1p0dU1GUXhEUzhi</nc:BinaryBase64Object>
			<OP-ext:ImageTakenDate>
				<nc:Date>1967-08-13</nc:Date>
			</OP-ext:ImageTakenDate>
			<OP-ext:ImagePrimaryIndicator>true</OP-ext:ImagePrimaryIndicator>
			<OP-ext:ImageDisplayIndicator>true</OP-ext:ImageDisplayIndicator>
		</OP-ext:PersonDigitalImage>
	</OP-ext:Person>
	<nc:ContactInformation>
		<nc:ContactTelephoneNumber>
			<nc:FullTelephoneNumber>
				<nc:TelephoneNumberFullID>String</nc:TelephoneNumberFullID>
			</nc:FullTelephoneNumber>
		</nc:ContactTelephoneNumber>
	</nc:ContactInformation>
	<nc:Location>
		<nc:LocationAddress>
			<nc:StructuredAddress>
				<nc:LocationStreet>
					<nc:StreetFullText>String</nc:StreetFullText>
				</nc:LocationStreet>
				<nc:LocationCityName>String</nc:LocationCityName>
				<nc:LocationCountyName>String</nc:LocationCountyName>
				<nc:LocationStateNCICLSTACode>AB</nc:LocationStateNCICLSTACode>
				<nc:LocationPostalCode>String</nc:LocationPostalCode>
				<nc:LocationPostalExtensionCode>String</nc:LocationPostalExtensionCode>
			</nc:StructuredAddress>
		</nc:LocationAddress>
		<nc:LocationCategoryText>String</nc:LocationCategoryText>
		<nc:LocationContactInformation>
			<nc:ContactTelephoneNumber>
				<nc:FullTelephoneNumber>
					<nc:TelephoneNumberFullID>String</nc:TelephoneNumberFullID>
				</nc:FullTelephoneNumber>
			</nc:ContactTelephoneNumber>
		</nc:LocationContactInformation>
		<nc:LocationDescriptionText>String</nc:LocationDescriptionText>
		<nc:LocationTwoDimensionalGeographicCoordinate>
			<nc:GeographicCoordinateLatitude>
				<nc:LatitudeDegreeValue>-90</nc:LatitudeDegreeValue>
			</nc:GeographicCoordinateLatitude>
			<nc:GeographicCoordinateLongitude>
				<nc:LongitudeDegreeValue>-180</nc:LongitudeDegreeValue>
			</nc:GeographicCoordinateLongitude>
		</nc:LocationTwoDimensionalGeographicCoordinate>
	</nc:Location>
	<nc:Organization>
		<nc:OrganizationDescriptionText>String</nc:OrganizationDescriptionText>
		<nc:OrganizationIdentification>
			<nc:IdentificationID>String</nc:IdentificationID>
			<nc:IdentificationCategoryText>String</nc:IdentificationCategoryText>
			<nc:IdentificationCategoryDescriptionText>String</nc:IdentificationCategoryDescriptionText>
			<nc:IdentificationJurisdictionText>String</nc:IdentificationJurisdictionText>
			<nc:IdentificationSourceText>String</nc:IdentificationSourceText>
		</nc:OrganizationIdentification>
		<nc:OrganizationLocation>
			<nc:LocationAddress>
				<nc:StructuredAddress>
					<nc:LocationStreet>
						<nc:StreetFullText>String</nc:StreetFullText>
					</nc:LocationStreet>
					<nc:LocationCityName>String</nc:LocationCityName>
					<nc:LocationCountyName>String</nc:LocationCountyName>
					<nc:LocationStateNCICLSTACode>AB</nc:LocationStateNCICLSTACode>
					<nc:LocationPostalCode>String</nc:LocationPostalCode>
					<nc:LocationPostalExtensionCode>String</nc:LocationPostalExtensionCode>
				</nc:StructuredAddress>
			</nc:LocationAddress>
			<nc:LocationCategoryText>String</nc:LocationCategoryText>
			<nc:LocationContactInformation>
				<nc:ContactTelephoneNumber>
					<nc:FullTelephoneNumber>
						<nc:TelephoneNumberFullID>String</nc:TelephoneNumberFullID>
					</nc:FullTelephoneNumber>
				</nc:ContactTelephoneNumber>
			</nc:LocationContactInformation>
			<nc:LocationDescriptionText>String</nc:LocationDescriptionText>
			<nc:LocationTwoDimensionalGeographicCoordinate>
				<nc:GeographicCoordinateLatitude>
					<nc:LatitudeDegreeValue>-90</nc:LatitudeDegreeValue>
				</nc:GeographicCoordinateLatitude>
				<nc:GeographicCoordinateLongitude>
					<nc:LongitudeDegreeValue>-180</nc:LongitudeDegreeValue>
				</nc:GeographicCoordinateLongitude>
			</nc:LocationTwoDimensionalGeographicCoordinate>
		</nc:OrganizationLocation>
		<nc:OrganizationName>String</nc:OrganizationName>
		<nc:OrganizationPrimaryContactInformation>
			<nc:ContactTelephoneNumber>
				<nc:FullTelephoneNumber>
					<nc:TelephoneNumberFullID>String</nc:TelephoneNumberFullID>
				</nc:FullTelephoneNumber>
			</nc:ContactTelephoneNumber>
		</nc:OrganizationPrimaryContactInformation>
	</nc:Organization>
	<j:Vehicle>
		<nc:ItemDescriptionText>String</nc:ItemDescriptionText>
		<nc:ConveyanceRegistrationPlateIdentification>
			<nc:IdentificationID>String</nc:IdentificationID>
			<nc:IdentificationCategoryText>String</nc:IdentificationCategoryText>
			<nc:IdentificationCategoryDescriptionText>String</nc:IdentificationCategoryDescriptionText>
			<nc:IdentificationJurisdictionText>String</nc:IdentificationJurisdictionText>
			<nc:IdentificationSourceText>String</nc:IdentificationSourceText>
		</nc:ConveyanceRegistrationPlateIdentification>
		<nc:VehicleIdentification>
			<nc:IdentificationID>String</nc:IdentificationID>
			<nc:IdentificationCategoryText>String</nc:IdentificationCategoryText>
			<nc:IdentificationCategoryDescriptionText>String</nc:IdentificationCategoryDescriptionText>
			<nc:IdentificationJurisdictionText>String</nc:IdentificationJurisdictionText>
			<nc:IdentificationSourceText>String</nc:IdentificationSourceText>
		</nc:VehicleIdentification>
		<nc:VehicleMakeCode>token</nc:VehicleMakeCode>
		<nc:VehicleModelCode>token</nc:VehicleModelCode>
	</j:Vehicle>
	<nc:ResidenceAssociation>
		<nc:AssociationBeginDate>
			<nc:Date>1967-08-13</nc:Date>
		</nc:AssociationBeginDate>
		<nc:AssociationEndDate>
			<nc:Date>1967-08-13</nc:Date>
		</nc:AssociationEndDate>
		<nc:PersonReference/>
		<nc:LocationReference/>
	</nc:ResidenceAssociation>
	<j:Incident>
		<nc:ActivityDate>
			<nc:Date>1967-08-13</nc:Date>
		</nc:ActivityDate>
		<nc:ActivityDescriptionText>String</nc:ActivityDescriptionText>
		<j:IncidentAugmentation>
			<j:IncidentArrest>
				<nc:ActivityDate>
					<nc:Date>1967-08-13</nc:Date>
				</nc:ActivityDate>
				<nc:ActivityDescriptionText>String</nc:ActivityDescriptionText>
				<j:ArrestSequenceID>
					<nc:IdentificationID>String</nc:IdentificationID>
					<nc:IdentificationCategoryText>String</nc:IdentificationCategoryText>
					<nc:IdentificationCategoryDescriptionText>String</nc:IdentificationCategoryDescriptionText>
					<nc:IdentificationJurisdictionText>String</nc:IdentificationJurisdictionText>
					<nc:IdentificationSourceText>String</nc:IdentificationSourceText>
				</j:ArrestSequenceID>
			</j:IncidentArrest>
			<j:IncidentSurroundingLocation>
				<nc:LocationAddress>
					<nc:StructuredAddress>
						<nc:LocationStreet>
							<nc:StreetFullText>String</nc:StreetFullText>
						</nc:LocationStreet>
						<nc:LocationCityName>String</nc:LocationCityName>
						<nc:LocationCountyName>String</nc:LocationCountyName>
						<nc:LocationStateNCICLSTACode>AB</nc:LocationStateNCICLSTACode>
						<nc:LocationPostalCode>String</nc:LocationPostalCode>
						<nc:LocationPostalExtensionCode>String</nc:LocationPostalExtensionCode>
					</nc:StructuredAddress>
				</nc:LocationAddress>
				<nc:LocationCategoryText>String</nc:LocationCategoryText>
				<nc:LocationContactInformation>
					<nc:ContactTelephoneNumber>
						<nc:FullTelephoneNumber>
							<nc:TelephoneNumberFullID>String</nc:TelephoneNumberFullID>
						</nc:FullTelephoneNumber>
					</nc:ContactTelephoneNumber>
				</nc:LocationContactInformation>
				<nc:LocationDescriptionText>String</nc:LocationDescriptionText>
				<nc:LocationTwoDimensionalGeographicCoordinate>
					<nc:GeographicCoordinateLatitude>
						<nc:LatitudeDegreeValue>-90</nc:LatitudeDegreeValue>
					</nc:GeographicCoordinateLatitude>
					<nc:GeographicCoordinateLongitude>
						<nc:LongitudeDegreeValue>-180</nc:LongitudeDegreeValue>
					</nc:GeographicCoordinateLongitude>
				</nc:LocationTwoDimensionalGeographicCoordinate>
			</j:IncidentSurroundingLocation>
			<j:IncidentVictim>
				<nc:RoleOfPersonReference/>
			</j:IncidentVictim>
		</j:IncidentAugmentation>
	</j:Incident>
	<j:Offense>
		<nc:ActivityDate>
			<nc:Date>1967-08-13</nc:Date>
		</nc:ActivityDate>
		<nc:ActivityDescriptionText>String</nc:ActivityDescriptionText>
		<j:OffenseNCICCode>0101</j:OffenseNCICCode>
		<j:OffenseCategoryText>String</j:OffenseCategoryText>
	</j:Offense>
	<j:Person>
		<nc:PersonAgeMeasure>
			<nc:MeasureText>String</nc:MeasureText>
		</nc:PersonAgeMeasure>
		<nc:PersonAlternateName>
			<nc:PersonNamePrefixText>String</nc:PersonNamePrefixText>
			<nc:PersonGivenName>String</nc:PersonGivenName>
			<nc:PersonMiddleName>String</nc:PersonMiddleName>
			<nc:PersonSurName>String</nc:PersonSurName>
			<nc:PersonNameSuffixText>String</nc:PersonNameSuffixText>
			<nc:PersonFullName>String</nc:PersonFullName>
		</nc:PersonAlternateName>
		<nc:PersonBirthDate>
			<nc:Date>1967-08-13</nc:Date>
		</nc:PersonBirthDate>
		<nc:PersonEyeColorCode>BLK</nc:PersonEyeColorCode>
		<nc:PersonHairColorCode>BLK</nc:PersonHairColorCode>
		<nc:PersonHeightMeasure>
			<nc:MeasureText>String</nc:MeasureText>
		</nc:PersonHeightMeasure>
		<nc:PersonLicenseIdentification>
			<nc:IdentificationID>String</nc:IdentificationID>
			<nc:IdentificationCategoryText>String</nc:IdentificationCategoryText>
			<nc:IdentificationCategoryDescriptionText>String</nc:IdentificationCategoryDescriptionText>
			<nc:IdentificationJurisdictionText>String</nc:IdentificationJurisdictionText>
			<nc:IdentificationSourceText>String</nc:IdentificationSourceText>
		</nc:PersonLicenseIdentification>
		<nc:PersonLivingIndicator>true</nc:PersonLivingIndicator>
		<nc:PersonName>
			<nc:PersonNamePrefixText>String</nc:PersonNamePrefixText>
			<nc:PersonGivenName>String</nc:PersonGivenName>
			<nc:PersonMiddleName>String</nc:PersonMiddleName>
			<nc:PersonSurName>String</nc:PersonSurName>
			<nc:PersonNameSuffixText>String</nc:PersonNameSuffixText>
			<nc:PersonFullName>String</nc:PersonFullName>
		</nc:PersonName>
		<nc:PersonOtherIdentification>
			<nc:IdentificationID>String</nc:IdentificationID>
			<nc:IdentificationCategoryText>String</nc:IdentificationCategoryText>
			<nc:IdentificationCategoryDescriptionText>String</nc:IdentificationCategoryDescriptionText>
			<nc:IdentificationJurisdictionText>String</nc:IdentificationJurisdictionText>
			<nc:IdentificationSourceText>String</nc:IdentificationSourceText>
		</nc:PersonOtherIdentification>
		<nc:PersonPhysicalFeature>
			<nc:PhysicalFeatureCategoryCode>ART ARM</nc:PhysicalFeatureCategoryCode>
			<nc:PhysicalFeatureDescriptionText>String</nc:PhysicalFeatureDescriptionText>
		</nc:PersonPhysicalFeature>
		<nc:PersonRaceCode>A</nc:PersonRaceCode>
		<nc:PersonSexCode>F</nc:PersonSexCode>
		<nc:PersonSSNIdentification>
			<nc:IdentificationID>String</nc:IdentificationID>
			<nc:IdentificationCategoryText>String</nc:IdentificationCategoryText>
			<nc:IdentificationCategoryDescriptionText>String</nc:IdentificationCategoryDescriptionText>
			<nc:IdentificationJurisdictionText>String</nc:IdentificationJurisdictionText>
			<nc:IdentificationSourceText>String</nc:IdentificationSourceText>
		</nc:PersonSSNIdentification>
		<nc:PersonWeightMeasure>
			<nc:MeasureText>String</nc:MeasureText>
		</nc:PersonWeightMeasure>
		<j:PersonAugmentation>
			<nc:DriverLicense>
				<nc:DriverLicenseIdentification>
					<nc:IdentificationID>String</nc:IdentificationID>
					<nc:IdentificationCategoryText>String</nc:IdentificationCategoryText>
					<nc:IdentificationCategoryDescriptionText>String</nc:IdentificationCategoryDescriptionText>
					<nc:IdentificationJurisdictionText>String</nc:IdentificationJurisdictionText>
					<nc:IdentificationSourceText>String</nc:IdentificationSourceText>
				</nc:DriverLicenseIdentification>
			</nc:DriverLicense>
			<j:PersonFBIIdentification>
				<nc:IdentificationID>String</nc:IdentificationID>
				<nc:IdentificationCategoryText>String</nc:IdentificationCategoryText>
				<nc:IdentificationCategoryDescriptionText>String</nc:IdentificationCategoryDescriptionText>
				<nc:IdentificationJurisdictionText>String</nc:IdentificationJurisdictionText>
				<nc:IdentificationSourceText>String</nc:IdentificationSourceText>
			</j:PersonFBIIdentification>
		</j:PersonAugmentation>
	</j:Person>
	<nc:PersonConveyanceAssociation>
		<nc:AssociationBeginDate>
			<nc:Date>1967-08-13</nc:Date>
		</nc:AssociationBeginDate>
		<nc:AssociationEndDate>
			<nc:Date>1967-08-13</nc:Date>
		</nc:AssociationEndDate>
		<nc:PersonReference/>
		<nc:ConveyanceReference/>
	</nc:PersonConveyanceAssociation>
	<nc:PersonOrganizationAssociation>
		<nc:AssociationBeginDate>
			<nc:Date>1967-08-13</nc:Date>
		</nc:AssociationBeginDate>
		<nc:AssociationEndDate>
			<nc:Date>1967-08-13</nc:Date>
		</nc:AssociationEndDate>
		<nc:PersonReference/>
		<nc:OrganizationReference/>
	</nc:PersonOrganizationAssociation>
	<nc:PersonEmploymentAssociation>
		<nc:AssociationBeginDate>
			<nc:Date>1967-08-13</nc:Date>
		</nc:AssociationBeginDate>
		<nc:AssociationEndDate>
			<nc:Date>1967-08-13</nc:Date>
		</nc:AssociationEndDate>
		<nc:EmployeeReference/>
		<nc:Employer>
			<nc:EntityOrganization>
				<nc:OrganizationDescriptionText>String</nc:OrganizationDescriptionText>
				<nc:OrganizationIdentification>
					<nc:IdentificationID>String</nc:IdentificationID>
					<nc:IdentificationCategoryText>String</nc:IdentificationCategoryText>
					<nc:IdentificationCategoryDescriptionText>String</nc:IdentificationCategoryDescriptionText>
					<nc:IdentificationJurisdictionText>String</nc:IdentificationJurisdictionText>
					<nc:IdentificationSourceText>String</nc:IdentificationSourceText>
				</nc:OrganizationIdentification>
				<nc:OrganizationLocation>
					<nc:LocationAddress>
						<nc:StructuredAddress>
							<nc:LocationStreet>
								<nc:StreetFullText>String</nc:StreetFullText>
							</nc:LocationStreet>
							<nc:LocationCityName>String</nc:LocationCityName>
							<nc:LocationCountyName>String</nc:LocationCountyName>
							<nc:LocationStateNCICLSTACode>AB</nc:LocationStateNCICLSTACode>
							<nc:LocationPostalCode>String</nc:LocationPostalCode>
							<nc:LocationPostalExtensionCode>String</nc:LocationPostalExtensionCode>
						</nc:StructuredAddress>
					</nc:LocationAddress>
					<nc:LocationCategoryText>String</nc:LocationCategoryText>
					<nc:LocationContactInformation>
						<nc:ContactTelephoneNumber>
							<nc:FullTelephoneNumber>
								<nc:TelephoneNumberFullID>String</nc:TelephoneNumberFullID>
							</nc:FullTelephoneNumber>
						</nc:ContactTelephoneNumber>
					</nc:LocationContactInformation>
					<nc:LocationDescriptionText>String</nc:LocationDescriptionText>
					<nc:LocationTwoDimensionalGeographicCoordinate>
						<nc:GeographicCoordinateLatitude>
							<nc:LatitudeDegreeValue>-90</nc:LatitudeDegreeValue>
						</nc:GeographicCoordinateLatitude>
						<nc:GeographicCoordinateLongitude>
							<nc:LongitudeDegreeValue>-180</nc:LongitudeDegreeValue>
						</nc:GeographicCoordinateLongitude>
					</nc:LocationTwoDimensionalGeographicCoordinate>
				</nc:OrganizationLocation>
				<nc:OrganizationName>String</nc:OrganizationName>
				<nc:OrganizationPrimaryContactInformation>
					<nc:ContactTelephoneNumber>
						<nc:FullTelephoneNumber>
							<nc:TelephoneNumberFullID>String</nc:TelephoneNumberFullID>
						</nc:FullTelephoneNumber>
					</nc:ContactTelephoneNumber>
				</nc:OrganizationPrimaryContactInformation>
			</nc:EntityOrganization>
		</nc:Employer>
	</nc:PersonEmploymentAssociation>
	<j:OffenseIncidentAssociation>
		<nc:AssociationBeginDate>
			<nc:Date>1967-08-13</nc:Date>
		</nc:AssociationBeginDate>
		<nc:AssociationEndDate>
			<nc:Date>1967-08-13</nc:Date>
		</nc:AssociationEndDate>
		<j:OffenseReference/>
		<nc:IncidentReference/>
	</j:OffenseIncidentAssociation>
	<j:ActivityVictimAssociation>
		<nc:AssociationBeginDate>
			<nc:Date>1967-08-13</nc:Date>
		</nc:AssociationBeginDate>
		<nc:AssociationEndDate>
			<nc:Date>1967-08-13</nc:Date>
		</nc:AssociationEndDate>
		<nc:ActivityReference/>
		<j:VictimReference/>
	</j:ActivityVictimAssociation>
	<OP-ext:PersonSchoolAssociation>
		<nc:AssociationBeginDate>
			<nc:Date>1967-08-13</nc:Date>
		</nc:AssociationBeginDate>
		<nc:AssociationEndDate>
			<nc:Date>1967-08-13</nc:Date>
		</nc:AssociationEndDate>
		<nc:PersonReference/>
		<nc:OrganizationReference/>
	</OP-ext:PersonSchoolAssociation>
	<OP-ext:PersonContactInformationAssociation>
		<nc:AssociationBeginDate>
			<nc:Date>1967-08-13</nc:Date>
		</nc:AssociationBeginDate>
		<nc:AssociationEndDate>
			<nc:Date>1967-08-13</nc:Date>
		</nc:AssociationEndDate>
		<nc:PersonReference/>
		<nc:ContactInformationReference/>
		<OP-ext:ContactInformationCategoryText>String</OP-ext:ContactInformationCategoryText>
	</OP-ext:PersonContactInformationAssociation>
</OP:RegisteredSexOffenderPackage>
