<?xml version="1.0" encoding="UTF-8"?>
<!-- edited with XMLSpy v2007 (http://www.altova.com) by Jim Douglas (SEARCH) -->
<!--Sample XML file generated by XMLSpy v2011 rel. 3 sp1 (http://www.altova.com) - Some Values from SORT Export-->
<notice:SORNARelocationNotice xsi:schemaLocation="http://www.iir.com/sorna/NIEM/2.1/notification/1.0 ../XMLschemas/exchange/RelNotice.xsd" xmlns:j="http://niem.gov/niem/domains/jxdm/4.1" xmlns:nc="http://niem.gov/niem/niem-core/2.0" xmlns:notice="http://www.iir.com/sorna/NIEM/2.1/notification/1.0" xmlns:notice-ext="http://www.iir.com/sorna/NIEM/2.1/notification/extension/1.0" xmlns:xsi="http://www.w3.org/2001/XMLSchema-instance">
	<nc:DocumentCreationDate>
		<nc:Date>2012-03-27</nc:Date>
	</nc:DocumentCreationDate>
	<nc:DocumentIdentification>
		<nc:IdentificationID>FL20120327</nc:IdentificationID>
		<nc:IdentificationCategoryDescriptionText>Original Offender Relocation Notice</nc:IdentificationCategoryDescriptionText>
		<j:IdentificationJurisdictionNCICLISCode>FL</j:IdentificationJurisdictionNCICLISCode>
		<nc:IdentificationSourceText>FDLE</nc:IdentificationSourceText>
	</nc:DocumentIdentification>
	<notice-ext:NotificationMessageCode>DNRN</notice-ext:NotificationMessageCode>
	<j:RegisteredOffender>
		<nc:RoleOfPersonReference/>
		<j:RegisteredOffenderStatusIndicator>true</j:RegisteredOffenderStatusIndicator>
	</j:RegisteredOffender>
	<notice-ext:SendingJurisdiction>
		<nc:OrganizationDescriptionText>County Sheriff's Office</nc:OrganizationDescriptionText>
		<nc:OrganizationIdentification>
			<nc:IdentificationID>FL0170170</nc:IdentificationID>
			<nc:IdentificationCategoryDescriptionText>ORI</nc:IdentificationCategoryDescriptionText>
			<j:IdentificationJurisdictionNCICLISCode>FL</j:IdentificationJurisdictionNCICLISCode>
			<nc:IdentificationSourceText>FBI</nc:IdentificationSourceText>
		</nc:OrganizationIdentification>
		<nc:OrganizationLocation>
			<nc:LocationAddress>
				<nc:StructuredAddress>
					<nc:LocationStreet>
						<nc:StreetFullText>2825 Municipal Way, Tallahassee, FL 32304</nc:StreetFullText>
					</nc:LocationStreet>
					<nc:LocationCityName>Tallahassee</nc:LocationCityName>
					<nc:LocationCountyName>Leon</nc:LocationCountyName>
					<nc:LocationStateNCICLSTACode>FL</nc:LocationStateNCICLSTACode>
					<nc:LocationPostalCode>32304</nc:LocationPostalCode>
					<nc:LocationPostalExtensionCode>3807</nc:LocationPostalExtensionCode>
				</nc:StructuredAddress>
			</nc:LocationAddress>
			<nc:LocationContactInformation>
				<nc:ContactWebsiteURI>http://lcso.leonfl.org</nc:ContactWebsiteURI>
			</nc:LocationContactInformation>
			<nc:LocationDescriptionText>Leon County Sheriff's Office</nc:LocationDescriptionText>
			<nc:LocationTwoDimensionalGeographicCoordinate>
				<nc:GeographicCoordinateLatitude>
					<nc:LatitudeDegreeValue>30.443864</nc:LatitudeDegreeValue>
				</nc:GeographicCoordinateLatitude>
				<nc:GeographicCoordinateLongitude>
					<nc:LongitudeDegreeValue>-84.27269</nc:LongitudeDegreeValue>
				</nc:GeographicCoordinateLongitude>
			</nc:LocationTwoDimensionalGeographicCoordinate>
		</nc:OrganizationLocation>
		<nc:OrganizationName>Leon County Sheriff's Office</nc:OrganizationName>
		<nc:OrganizationPrimaryContactInformation>
			<nc:ContactWebsiteURI>http://lcso.leonfl.org</nc:ContactWebsiteURI>
		</nc:OrganizationPrimaryContactInformation>
		<notice-ext:SORNAJurisdictionCode>FL</notice-ext:SORNAJurisdictionCode>
		<notice-ext:JurisdictionDepartureDate>
			<nc:Date>2012-03-22</nc:Date>
		</notice-ext:JurisdictionDepartureDate>
		<notice-ext:JurisdictionArrivalDate>
			<nc:Date>2012-03-28</nc:Date>
		</notice-ext:JurisdictionArrivalDate>
	</notice-ext:SendingJurisdiction>
	<notice-ext:ReceivingJurisdiction>
		<nc:OrganizationDescriptionText>Attorney General's Office</nc:OrganizationDescriptionText>
		<nc:OrganizationIdentification>
			<nc:IdentificationID>OH12312312</nc:IdentificationID>
			<nc:IdentificationCategoryDescriptionText>ORI</nc:IdentificationCategoryDescriptionText>
			<j:IdentificationJurisdictionNCICLISCode>OH</j:IdentificationJurisdictionNCICLISCode>
			<nc:IdentificationSourceText>FBI</nc:IdentificationSourceText>
		</nc:OrganizationIdentification>
		<nc:OrganizationLocation>
			<nc:LocationAddress>
				<nc:StructuredAddress>
					<nc:LocationStreet>
						<nc:StreetFullText>30 E. Broad Street17th Floor, Columbus, OH 43215-3428</nc:StreetFullText>
					</nc:LocationStreet>
					<nc:LocationCityName>Columbus</nc:LocationCityName>
					<nc:LocationCountyName>Franklin</nc:LocationCountyName>
					<nc:LocationStateNCICLSTACode>OH</nc:LocationStateNCICLSTACode>
					<nc:LocationPostalCode>43215</nc:LocationPostalCode>
					<nc:LocationPostalExtensionCode>3428</nc:LocationPostalExtensionCode>
				</nc:StructuredAddress>
			</nc:LocationAddress>
			<nc:LocationCategoryText>Government Office</nc:LocationCategoryText>
			<nc:LocationContactInformation>
				<nc:ContactWebsiteURI>http://www.ohioattorneygeneral.gov</nc:ContactWebsiteURI>
			</nc:LocationContactInformation>
			<nc:LocationDescriptionText>Ohio Attorney General's Office</nc:LocationDescriptionText>
			<nc:LocationTwoDimensionalGeographicCoordinate>
				<nc:GeographicCoordinateLatitude>
					<nc:LatitudeDegreeValue>39.9616</nc:LatitudeDegreeValue>
				</nc:GeographicCoordinateLatitude>
				<nc:GeographicCoordinateLongitude>
					<nc:LongitudeDegreeValue>-82.9994</nc:LongitudeDegreeValue>
				</nc:GeographicCoordinateLongitude>
			</nc:LocationTwoDimensionalGeographicCoordinate>
		</nc:OrganizationLocation>
		<nc:OrganizationName>Ohio Attorney General's Office</nc:OrganizationName>
		<nc:OrganizationPrimaryContactInformation>
			<nc:ContactWebsiteURI>http://www.ohioattorneygeneral.gov</nc:ContactWebsiteURI>
		</nc:OrganizationPrimaryContactInformation>
		<notice-ext:SORNAJurisdictionCode>OH</notice-ext:SORNAJurisdictionCode>
		<notice-ext:JurisdictionDepartureDate>
			<nc:Date xsi:nil="true"/>
		</notice-ext:JurisdictionDepartureDate>
		<notice-ext:JurisdictionArrivalDate>
			<nc:Date>2012-03-28</nc:Date>
		</notice-ext:JurisdictionArrivalDate>
	</notice-ext:ReceivingJurisdiction>
	<notice-ext:SORNAExchangePortalCaseLink>
		<nc:ContactWebsiteURI>https://portal.nsopr.gov</nc:ContactWebsiteURI>
	</notice-ext:SORNAExchangePortalCaseLink>
	<j:RegisteredOffenderStartDate>
		<nc:Date>2012-02-13</nc:Date>
	</j:RegisteredOffenderStartDate>
	<j:Person>
		<nc:PersonAgeMeasure>
			<nc:MeasureText>56</nc:MeasureText>
		</nc:PersonAgeMeasure>
		<nc:PersonAlternateName>
			<nc:PersonNamePrefixText>Mr.</nc:PersonNamePrefixText>
			<nc:PersonGivenName>Johnny</nc:PersonGivenName>
			<nc:PersonSurName>Doe</nc:PersonSurName>
			<nc:PersonFullName>Johnny Doe</nc:PersonFullName>
		</nc:PersonAlternateName>
		<nc:PersonBirthDate>
			<nc:Date>1955-12-22</nc:Date>
		</nc:PersonBirthDate>
		<nc:PersonEyeColorCode>BLU</nc:PersonEyeColorCode>
		<nc:PersonHairColorCode>BLK</nc:PersonHairColorCode>
		<nc:PersonHeightMeasure>
			<nc:MeasureText>71</nc:MeasureText>
		</nc:PersonHeightMeasure>
		<nc:PersonLicenseIdentification>
			<nc:IdentificationID>FL34AKIF</nc:IdentificationID>
			<nc:IdentificationCategoryDescriptionText>Heavy Equipment Operator</nc:IdentificationCategoryDescriptionText>
			<j:IdentificationJurisdictionNCICLISCode>FL</j:IdentificationJurisdictionNCICLISCode>
			<nc:IdentificationSourceText>Florida Department of Business and Professional Regulation</nc:IdentificationSourceText>
		</nc:PersonLicenseIdentification>
		<nc:PersonLivingIndicator>true</nc:PersonLivingIndicator>
		<nc:PersonName>
			<nc:PersonNamePrefixText>Mr.</nc:PersonNamePrefixText>
			<nc:PersonGivenName>John</nc:PersonGivenName>
			<nc:PersonMiddleName>Alex</nc:PersonMiddleName>
			<nc:PersonSurName>Doe</nc:PersonSurName>
			<nc:PersonNameSuffixText>IV</nc:PersonNameSuffixText>
			<nc:PersonFullName>John Alex Doe IV</nc:PersonFullName>
		</nc:PersonName>
		<nc:PersonOtherIdentification>
			<nc:IdentificationID>FL23450</nc:IdentificationID>
			<nc:IdentificationCategoryDescriptionText>SID</nc:IdentificationCategoryDescriptionText>
			<j:IdentificationJurisdictionNCICLISCode>FL</j:IdentificationJurisdictionNCICLISCode>
			<nc:IdentificationSourceText>FBI</nc:IdentificationSourceText>
		</nc:PersonOtherIdentification>
		<nc:PersonOtherIdentification>
			<nc:IdentificationID>73427JJH7347</nc:IdentificationID>
			<nc:IdentificationCategoryDescriptionText>United States Passport</nc:IdentificationCategoryDescriptionText>
			<j:IdentificationJurisdictionNCICLISCode>US</j:IdentificationJurisdictionNCICLISCode>
			<nc:IdentificationSourceText>United States Department of State</nc:IdentificationSourceText>
		</nc:PersonOtherIdentification>
		<nc:PersonPhysicalFeature>
			<nc:PhysicalFeatureCategoryCode>TAT L BUTK</nc:PhysicalFeatureCategoryCode>
			<nc:PhysicalFeatureDescriptionText>3 inch tattoo of the name "Bambi" with yellow flames above</nc:PhysicalFeatureDescriptionText>
		</nc:PersonPhysicalFeature>
		<nc:PersonRaceCode>I</nc:PersonRaceCode>
		<nc:PersonSexCode>M</nc:PersonSexCode>
		<nc:PersonSSNIdentification>
			<nc:IdentificationID>454-54-8189</nc:IdentificationID>
		</nc:PersonSSNIdentification>
		<nc:PersonWeightMeasure>
			<nc:MeasureText>195</nc:MeasureText>
		</nc:PersonWeightMeasure>
		<j:PersonAugmentation>
			<nc:DriverLicense>
				<nc:DriverLicenseIdentification>
					<nc:IdentificationID>GL3345-87-234</nc:IdentificationID>
					<j:IdentificationJurisdictionNCICLISCode>FL</j:IdentificationJurisdictionNCICLISCode>
					<nc:IdentificationSourceText>Florida Department of Motor Vehicles</nc:IdentificationSourceText>
				</nc:DriverLicenseIdentification>
			</nc:DriverLicense>
			<j:PersonFBIIdentification>
				<nc:IdentificationID>98979AH-998</nc:IdentificationID>
			</j:PersonFBIIdentification>
		</j:PersonAugmentation>
	</j:Person>
</notice:SORNARelocationNotice>
