<?xml version="1.0" encoding="UTF-8"?>
<wstop:TopicNamespace xmlns:tns="http://usdoj.gov/topicSpace/alerts"
                      xmlns:ulexsn="http://ulex.gov/subscribenotify/2.0"
                      xmlns:wstop="http://docs.oasis-open.org/wsn/t-1"
                      xmlns:xsi="http://www.w3.org/2001/XMLSchema-instance"
                      targetNamespace="http://usdoj.gov/topicSpace/alerts"
                      xsi:schemaLocation="http://docs.oasis-open.org/wsn/t-1 ../../xsd/oasis-open.org/wsn/t-1/t-1.xsd">
    <wstop:Topic name="USBP">
        <wstop:Topic name="FugitivesAlert" messageTypes="ulexsn:TopicSubscriptionNotification"/>
    </wstop:Topic>
    <wstop:Topic name="DHS">
        <wstop:Topic name="TerroristAlert" messageTypes="ulexsn:TopicSubscriptionNotification"/>
        <wstop:Topic name="AmberAlert" messageTypes="ulexsn:TopicSubscriptionNotification"/>
        <wstop:Topic name="NoFlyList" messageTypes="ulexsn:TopicSubscriptionNotification"/>
    </wstop:Topic>
    <wstop:Topic name="USMS">
        <wstop:Topic name="MostWantedList" messageTypes="ulexsn:TopicSubscriptionNotification"/>
    </wstop:Topic>
</wstop:TopicNamespace>