<?xml version="1.0" encoding="UTF-8"?> 
<!-- Place in WebContent/WEB-INF folder (with sun-web.xml) -->
 <definitions 
 xmlns="http://schemas.xmlsoap.org/wsdl/" 
 xmlns:wsdl="http://schemas.xmlsoap.org/wsdl/" 
 xmlns:xsd="http://www.w3.org/2001/XMLSchema" 
 xmlns:soap="http://schemas.xmlsoap.org/wsdl/soap/" name="pmp" targetNamespace="http%3A%2F%2Fwww.pmix.gov" xmlns:tns="http%3A%2F%2Fwww.pmix.gov" xmlns:wsp="http://www.w3.org/ns/ws-policy" xmlns:wsu="http://docs.oasis-open.org/wss/2004/01/oasis-200401-wss-wssecurity-utility-1.0.xsd" xmlns:fi="http://java.sun.com/xml/ns/wsit/2006/09/policy/fastinfoset/service" xmlns:tcp="http://java.sun.com/xml/ns/wsit/2006/09/policy/soaptcp/service" xmlns:wsam="http://www.w3.org/2007/05/addressing/metadata" xmlns:sp="http://docs.oasis-open.org/ws-sx/ws-securitypolicy/200702" xmlns:sc="http://schemas.sun.com/2006/03/wss/server" xmlns:wspp="http://java.sun.com/xml/ns/wsit/policy" 
 >
    <message name="ProvidePrescriptionDrugHistory"/>
    <message name="ProvidePrescriptionDrugHistoryResponse"/>
    <message name="ReceiveDeferredPrescriptionDrugHistory"/>
    <message name="ReceiveDeferredPrescriptionDrugHistoryResponse"/>
    <portType name="pmpService">
        <operation name="ProvidePrescriptionDrugHistory">
            <input message="tns:ProvidePrescriptionDrugHistory"/>
            <output message="tns:ProvidePrescriptionDrugHistoryResponse"/>
        </operation>
        <operation name="ReceiveDeferredPrescriptionDrugHistory">
            <input message="tns:ReceiveDeferredPrescriptionDrugHistory"/>
            <output message="tns:ReceiveDeferredPrescriptionDrugHistoryResponse"/>
        </operation>
    </portType>
    <binding name="WsBasicProfileBinding" type="tns:pmpService">
        <wsp:PolicyReference URI="#WsBasicProfileBindingPolicy"/>
        <operation name="ProvidePrescriptionDrugHistory">
            <input>
                <wsp:PolicyReference URI="#WsBasicProfileBinding_ProvidePrescriptionDrugHistory_Input_Policy"/>
            </input>
            <output>
                <wsp:PolicyReference URI="#WsBasicProfileBinding_ProvidePrescriptionDrugHistory_Output_Policy"/>
            </output>
        </operation>
        <operation name="ReceiveDeferredPrescriptionDrugHistory">
            <input>
                <wsp:PolicyReference URI="#WsBasicProfileBinding_ProvidePrescriptionDrugHistory_Input_Policy"/>
            </input>
            <output>
                <wsp:PolicyReference URI="#WsBasicProfileBinding_ProvidePrescriptionDrugHistory_Output_Policy"/>
            </output>
        </operation>
    </binding>
    <service name="pmp">
        <port name="WsBasicProfile" binding="tns:WsBasicProfileBinding"/>
    </service>
    <wsp:Policy wsu:Id="WsBasicProfileBindingPolicy">
        <wsp:ExactlyOne>
            <wsp:All>
                <wsam:Addressing wsp:Optional="false"/>
                <sc:KeyStore wspp:visibility="private" location="C:\Users\Mousumi\Desktop\keystore\wskeystore.jks" type="JKS" storepass="changeit" alias="certificatekey" keypass="changeit"/>
                <sp:AsymmetricBinding>
                    <wsp:Policy>
                        <sp:InitiatorToken>
                            <wsp:Policy>
                                <sp:X509Token sp:IncludeToken="http://docs.oasis-open.org/ws-sx/ws-securitypolicy/200702/IncludeToken/AlwaysToRecipient">
                                    <wsp:Policy>
                                        <sp:WssX509V3Token10/>
                                    </wsp:Policy>
                                </sp:X509Token>
                            </wsp:Policy>
                        </sp:InitiatorToken>
                        <sp:RecipientToken>
                            <wsp:Policy>
                                <sp:X509Token sp:IncludeToken="http://docs.oasis-open.org/ws-sx/ws-securitypolicy/200702/IncludeToken/Never">
                                    <wsp:Policy>
                                        <sp:WssX509V3Token10/>
                                        <sp:RequireIssuerSerialReference/>
                                    </wsp:Policy>
                                </sp:X509Token>
                            </wsp:Policy>
                        </sp:RecipientToken>
                        <sp:Layout>
                            <wsp:Policy>
                                <sp:Strict/>
                            </wsp:Policy>
                        </sp:Layout>
                        <sp:IncludeTimestamp/>
                        <sp:OnlySignEntireHeadersAndBody/>
                        <sp:AlgorithmSuite>
                            <wsp:Policy>
                                <sp:Basic128/>
                            </wsp:Policy>
                        </sp:AlgorithmSuite>
                    </wsp:Policy>
                </sp:AsymmetricBinding>
                <sp:Wss10>
                    <wsp:Policy>
                        <sp:MustSupportRefIssuerSerial/>
                    </wsp:Policy>
                </sp:Wss10>
            </wsp:All>
        </wsp:ExactlyOne>
    </wsp:Policy>
    <wsp:Policy wsu:Id="WsBasicProfileBinding_ProvidePrescriptionDrugHistory_Input_Policy">
        <wsp:ExactlyOne>
            <wsp:All>
                <sp:EncryptedParts>
                    <sp:Body/>
                </sp:EncryptedParts>
                <sp:SignedParts>
                    <sp:Body/>
                    <sp:Header Name="To" Namespace="http://www.w3.org/2005/08/addressing"/>
                    <sp:Header Name="From" Namespace="http://www.w3.org/2005/08/addressing"/>
                    <sp:Header Name="FaultTo" Namespace="http://www.w3.org/2005/08/addressing"/>
                    <sp:Header Name="ReplyTo" Namespace="http://www.w3.org/2005/08/addressing"/>
                    <sp:Header Name="MessageID" Namespace="http://www.w3.org/2005/08/addressing"/>
                    <sp:Header Name="RelatesTo" Namespace="http://www.w3.org/2005/08/addressing"/>
                    <sp:Header Name="Action" Namespace="http://www.w3.org/2005/08/addressing"/>
                    <sp:Header Name="AckRequested" Namespace="http://docs.oasis-open.org/ws-rx/wsrm/200702"/>
                    <sp:Header Name="SequenceAcknowledgement" Namespace="http://docs.oasis-open.org/ws-rx/wsrm/200702"/>
                    <sp:Header Name="Sequence" Namespace="http://docs.oasis-open.org/ws-rx/wsrm/200702"/>
                    <sp:Header Name="CreateSequence" Namespace="http://docs.oasis-open.org/ws-rx/wsrm/200702"/>
                </sp:SignedParts>
            </wsp:All>
        </wsp:ExactlyOne>
    </wsp:Policy>
    <wsp:Policy wsu:Id="WsBasicProfileBinding_ProvidePrescriptionDrugHistory_Output_Policy">
        <wsp:ExactlyOne>
            <wsp:All>
                <sp:EncryptedParts>
                    <sp:Body/>
                </sp:EncryptedParts>
                <sp:SignedParts>
                    <sp:Body/>
                    <sp:Header Name="To" Namespace="http://www.w3.org/2005/08/addressing"/>
                    <sp:Header Name="From" Namespace="http://www.w3.org/2005/08/addressing"/>
                    <sp:Header Name="FaultTo" Namespace="http://www.w3.org/2005/08/addressing"/>
                    <sp:Header Name="ReplyTo" Namespace="http://www.w3.org/2005/08/addressing"/>
                    <sp:Header Name="MessageID" Namespace="http://www.w3.org/2005/08/addressing"/>
                    <sp:Header Name="RelatesTo" Namespace="http://www.w3.org/2005/08/addressing"/>
                    <sp:Header Name="Action" Namespace="http://www.w3.org/2005/08/addressing"/>
                    <sp:Header Name="AckRequested" Namespace="http://docs.oasis-open.org/ws-rx/wsrm/200702"/>
                    <sp:Header Name="SequenceAcknowledgement" Namespace="http://docs.oasis-open.org/ws-rx/wsrm/200702"/>
                    <sp:Header Name="Sequence" Namespace="http://docs.oasis-open.org/ws-rx/wsrm/200702"/>
                    <sp:Header Name="CreateSequence" Namespace="http://docs.oasis-open.org/ws-rx/wsrm/200702"/>
                </sp:SignedParts>
            </wsp:All>
        </wsp:ExactlyOne>
    </wsp:Policy>
</definitions>
