<?xml version="1.0" encoding="UTF-8"?>
<!--
    Document: $Id: doAttachmentSearchRequest.xml 27497 2011-07-28 04:33:02Z ys34 $
    Original : 7/15/2007
    LEXS version  : 4.0
    ULEX version : 2.0
    Description   :
        Sample XML instance for the attachment search request message.
-->
<ulexsr:doAttachmentSearchRequest

    xmlns:ulex="http://ulex.gov/ulex/2.0"
    xmlns:ulexsr="http://ulex.gov/searchretrieve/2.0"
    xmlns:ulexcodes="http://ulex.gov/codes/2.0"
    xmlns:ulexlib="http://ulex.gov/library/2.0"

    xmlns:j="http://niem.gov/niem/domains/jxdm/4.1"
    xmlns:nc="http://niem.gov/niem/niem-core/2.0"
    xmlns:em="http://niem.gov/niem/domains/emergencyManagement/2.1"
    xmlns:im="http://niem.gov/niem/domains/immigration/2.1"
    xmlns:scr="http://niem.gov/niem/domains/screening/2.1"
    xmlns:s="http://niem.gov/niem/structures/2.0"
    xmlns:lexs="http://lexs.gov/lexs/4.0"
    xmlns:wsa="http://www.w3.org/2005/08/addressing"
    xmlns:lexsdigest="http://lexs.gov/digest/4.0"

    xmlns:xsi="http://www.w3.org/2001/XMLSchema-instance"
    xsi:schemaLocation="http://ulex.gov/searchretrieve/2.0 ../../xsd/ulex.gov/ulex-search-retrieve/2.0/ulex-search-retrieve.xsd">

    <ulex:AttachmentSearchRequestMessage>
        <ulex:SRMessageMetadata>
            <ulex:ULEXFrameworkVersionText>2.0</ulex:ULEXFrameworkVersionText>
            <ulex:ULEXImplementation>
                <ulex:ULEXImplementationVersionText>4.0</ulex:ULEXImplementationVersionText>
                <ulex:ULEXImplementationName>LEXS</ulex:ULEXImplementationName>
            </ulex:ULEXImplementation>
            <ulex:MessageDateTime>2006-12-17T09:30:47.0Z</ulex:MessageDateTime>
            <wsa:MessageID>uuid:ab19b2f2-d64c-44c6-ab18-61dde2f25e6i</wsa:MessageID>
            <!--====================== Message Origin ==========================-->
            <ulex:MessageOriginMetadata>
                <lexs:SystemIdentifier>
                    <!-- OriginatingAgencyID is optional here and was not included in the sample  -->
                    <nc:OrganizationName>Hypothetical Organization F</nc:OrganizationName>
                    <lexs:SystemID>SysF</lexs:SystemID>
                </lexs:SystemIdentifier>
                <lexs:SystemContact>
                    <nc:PersonGivenName>Bob</nc:PersonGivenName>
                    <nc:PersonSurName>Jones</nc:PersonSurName>
                    <nc:ContactTelephoneNumber>
                        <nc:FullTelephoneNumber>
                            <nc:TelephoneNumberFullID>404-555-1212</nc:TelephoneNumberFullID>
                        </nc:FullTelephoneNumber>
                    </nc:ContactTelephoneNumber>
                </lexs:SystemContact>
            </ulex:MessageOriginMetadata>
            <!--====================== Message Destination ==========================-->
            <lexs:MessageDestinationIdentifier>
                <!-- OriginatingAgencyID is optional here and was not included in the sample  -->
                <nc:OrganizationName>Hypothetical Organization E</nc:OrganizationName>
                <lexs:SystemID>SysE</lexs:SystemID>
            </lexs:MessageDestinationIdentifier>
        </ulex:SRMessageMetadata>
        <lexs:UserAssertion>
            <lexs:UserID>ABC123</lexs:UserID>
            <nc:PersonGivenName>Bill</nc:PersonGivenName>
            <nc:PersonSurName>Jones</nc:PersonSurName>
            <nc:ContactTelephoneNumber>
                <nc:NANPTelephoneNumber>
                    <nc:TelephoneAreaCodeID>111</nc:TelephoneAreaCodeID>
                    <nc:TelephoneExchangeID>222</nc:TelephoneExchangeID>
                    <nc:TelephoneLineID>3333</nc:TelephoneLineID>
                </nc:NANPTelephoneNumber>
            </nc:ContactTelephoneNumber>
            <nc:OrganizationName>ATF</nc:OrganizationName>
        </lexs:UserAssertion>
        <ulex:SearchRequestMetadata>
            <lexs:RequestedDataCategoryCode>All</lexs:RequestedDataCategoryCode>
            <lexs:DataOwnerIdentifier>
                <lexs:OriginatingAgencyID>AA1234567</lexs:OriginatingAgencyID>
                <nc:OrganizationName>Hypothetical Agency A</nc:OrganizationName>
                <lexs:SystemID>SysA</lexs:SystemID>
            </lexs:DataOwnerIdentifier>
            <ulex:MaxItemMatchesNumeric>100</ulex:MaxItemMatchesNumeric>
            <ulex:MatchBeginAfterText>10</ulex:MatchBeginAfterText>
            <ulex:MatchEndBeforeText>20</ulex:MatchEndBeforeText>
            <ulex:ServiceProviderSearchID>9394343</ulex:ServiceProviderSearchID>
            <ulex:DataItemCategoryText>Report</ulex:DataItemCategoryText>
            <lexs:SortOrderCode>Date</lexs:SortOrderCode>
            <ulex:TimeoutDuration>P1Y2M3DT10H30M</ulex:TimeoutDuration>
            <ulex:StructuredPayloadsRequestedCode>none</ulex:StructuredPayloadsRequestedCode>
        </ulex:SearchRequestMetadata>
        <ulex:Attachment>
            <lexs:AttachmentContentBinary>
                <nc:BinaryBase64Object>UjBsR09EbGhjZ0dGUXhEUzhi</nc:BinaryBase64Object>
                <nc:BinaryDescriptionText>Mug shot</nc:BinaryDescriptionText>
            </lexs:AttachmentContentBinary>
            <ulex:AttachmentDomainAttribute>
                <ulex:AttributeName>RTRE</ulex:AttributeName>
                <ulex:AttributeValueText>22</ulex:AttributeValueText>
                <ulex:DomainName>N-DEx</ulex:DomainName>
            </ulex:AttachmentDomainAttribute>
        </ulex:Attachment>
        <ulex:AttachmentSummaryConnectionQName>lexsdigest:PersonFacialImageConnection</ulex:AttachmentSummaryConnectionQName>
        <lexs:AttachmentHashValue>
            <lexsdigest:HashValueText>934343</lexsdigest:HashValueText>
            <lexsdigest:HashValueMethodAlgorithmText>SHA-1</lexsdigest:HashValueMethodAlgorithmText>
        </lexs:AttachmentHashValue>
    </ulex:AttachmentSearchRequestMessage>
</ulexsr:doAttachmentSearchRequest>
