<?xml version="1.0" encoding="UTF-8"?>
<!--
    Document: $Id: doStructuredSearchRequest-with-optional-fields.xml 28466 2011-09-28 15:05:10Z ys34 $
    Original : 11/6/2009
    LEXS version  : 4.0
    ULEX version : 2.0
    Description   : 
        Sample XML instance for the structured search request message.
-->
<ulexsr:doStructuredSearchRequest
    xmlns:new="http://somewhere.gov/new-community" 
    xmlns:ulex="http://ulex.gov/ulex/2.0" 
    xmlns:ulexsr="http://ulex.gov/searchretrieve/2.0"    
    xmlns:ulexcodes="http://ulex.gov/codes/2.0"    
    xmlns:ulexlib="http://ulex.gov/library/2.0"
    
    xmlns:j="http://niem.gov/niem/domains/jxdm/4.1"
    xmlns:nc="http://niem.gov/niem/niem-core/2.0"
    xmlns:em="http://niem.gov/niem/domains/emergencyManagement/2.0" 
    xmlns:im="http://niem.gov/niem/domains/immigration/2.0" 
    xmlns:scr="http://niem.gov/niem/domains/screening/2.0"
    xmlns:s="http://niem.gov/niem/structures/2.0"
    xmlns:lexs="http://lexs.gov/lexs/4.0" 
    xmlns:wsa="http://www.w3.org/2005/08/addressing"
    xmlns:lexsdigest="http://lexs.gov/digest/4.0"
    
    xmlns:xsi="http://www.w3.org/2001/XMLSchema-instance" 
    xsi:schemaLocation="http://ulex.gov/searchretrieve/2.0 ../../xsd/ulex.gov/ulex-search-retrieve/2.0/ulex-search-retrieve.xsd">
    <ulex:StructuredSearchRequestMessage>
        <ulex:SRMessageMetadata>
            <ulex:ULEXFrameworkVersionText>2.0</ulex:ULEXFrameworkVersionText>
            <ulex:ULEXImplementation>
                <ulex:ULEXImplementationVersionText>4.0</ulex:ULEXImplementationVersionText>
                <ulex:ULEXImplementationName>LEXS</ulex:ULEXImplementationName>
            </ulex:ULEXImplementation>
            <ulex:MessageDateTime>2006-12-17T09:30:47.0Z</ulex:MessageDateTime>
            <wsa:MessageID>uuid:ab19b2f2-d64c-44c6-ab18-61dde2f25e6e</wsa:MessageID>
            <!--====================== Message Origin ==========================-->
            <ulex:MessageOriginMetadata>
                <lexs:SystemIdentifier>
                    <lexs:OriginatingAgencyID>FF1234567</lexs:OriginatingAgencyID>
                    <nc:OrganizationName>Hypothetical Organization F</nc:OrganizationName>
                    <lexs:SystemID>SysF</lexs:SystemID>                
                </lexs:SystemIdentifier>
                <lexs:SystemContact>
                    <nc:PersonGivenName>Bob</nc:PersonGivenName>
                    <nc:PersonSurName>Jones</nc:PersonSurName>
                    <nc:ContactTelephoneNumber>
                        <nc:FullTelephoneNumber>
                            <nc:TelephoneNumberFullID>404-555-1212</nc:TelephoneNumberFullID>
                        </nc:FullTelephoneNumber>
                    </nc:ContactTelephoneNumber>
                </lexs:SystemContact>
            </ulex:MessageOriginMetadata>
            <!--====================== Message Destination ==========================-->
            <lexs:MessageDestinationIdentifier>
                <lexs:OriginatingAgencyID>EE1234567</lexs:OriginatingAgencyID>
                <nc:OrganizationName>Hypothetical Organization E</nc:OrganizationName>
                <lexs:SystemID>SysE</lexs:SystemID>
            </lexs:MessageDestinationIdentifier>
        </ulex:SRMessageMetadata>
        <lexs:UserAssertion>
            <lexs:UserID>PESMITH2</lexs:UserID>
            <nc:PersonGivenName>Priscilla</nc:PersonGivenName>
            <nc:PersonSurName>Smith</nc:PersonSurName>
            <nc:ContactTelephoneNumber>
                <nc:NANPTelephoneNumber>
                    <nc:TelephoneAreaCodeID>111</nc:TelephoneAreaCodeID>
                    <nc:TelephoneExchangeID>222</nc:TelephoneExchangeID>
                    <nc:TelephoneLineID>3333</nc:TelephoneLineID>
                </nc:NANPTelephoneNumber>
            </nc:ContactTelephoneNumber>
            <nc:OrganizationName>Hypothetical Organization F</nc:OrganizationName>
            <lexs:OriginatingAgencyID>FF1234567</lexs:OriginatingAgencyID>
        </lexs:UserAssertion>
        <ulex:SearchRequestMetadata>
            <lexs:RequestedDataCategoryCode>Person</lexs:RequestedDataCategoryCode>
            <lexs:DataOwnerIdentifier>
                <lexs:OriginatingAgencyID>AA1234567</lexs:OriginatingAgencyID>
                <nc:OrganizationName>Hypothetical Agency A</nc:OrganizationName>
                <lexs:SystemID>SysA</lexs:SystemID>
            </lexs:DataOwnerIdentifier>
            <lexs:DataOwnerIdentifier>
                <lexs:OriginatingAgencyID>DD1234567</lexs:OriginatingAgencyID>
                <nc:OrganizationName>Hypothetical Agency D</nc:OrganizationName>
                <lexs:SystemID>SysD</lexs:SystemID>
            </lexs:DataOwnerIdentifier>
            <ulex:MaxItemMatchesNumeric>10</ulex:MaxItemMatchesNumeric>
            <ulex:DataItemCategoryText>Incident</ulex:DataItemCategoryText>
            <ulex:DataItemCategoryText>Arrest</ulex:DataItemCategoryText>
            <lexs:SortOrderCode>Date</lexs:SortOrderCode>
            <!--=======================Timeout Duration of 60 seconds =======================-->
            <ulex:TimeoutDuration>PT60S</ulex:TimeoutDuration>
            <ulex:NumberOfStructuredPayloadTerms>
                <ulex:CommunityURI>http://somewhere.gov/new-community</ulex:CommunityURI>
                <ulex:SearchTermsQuantity>1</ulex:SearchTermsQuantity>
            </ulex:NumberOfStructuredPayloadTerms>
            <!--=======================Specific Structured Payloads requested =======================-->
            <ulex:StructuredPayloadsRequestedList>
                <ulex:StructuredPayloadMetadata>
                    <ulex:CommunityURI>http://somewhere.gov/new-community</ulex:CommunityURI>
                    <ulex:CommunityVersionText>1.0</ulex:CommunityVersionText>
                </ulex:StructuredPayloadMetadata>
            </ulex:StructuredPayloadsRequestedList>
        </ulex:SearchRequestMetadata>
        <ulex:StructuredQuery>
            <!--=======================  1st digest search term  =======================-->
            <ulex:DigestQueryStatement>
                <lexs:DigestQueryField>
                    <lexsdigest:EntityPerson>
                        <lexsdigest:Person>
                            <nc:PersonName>
                                <nc:PersonSurName>Jones</nc:PersonSurName>
                            </nc:PersonName>
                        </lexsdigest:Person>
                    </lexsdigest:EntityPerson>
                </lexs:DigestQueryField>
                <ulex:QueryMatchCode>exact</ulex:QueryMatchCode>
            </ulex:DigestQueryStatement>
            <!--=======================  2nd digest search term  =======================-->
            <ulex:DigestQueryStatement>
                <lexs:DigestQueryField>
                    <lexsdigest:EntityPerson>
                        <lexsdigest:Person>
                            <nc:PersonName>
                                <nc:PersonGivenName>Tommy</nc:PersonGivenName>
                            </nc:PersonName>
                        </lexsdigest:Person>
                    </lexsdigest:EntityPerson>
                </lexs:DigestQueryField>
                <ulex:QueryMatchCode>exact</ulex:QueryMatchCode>
            </ulex:DigestQueryStatement>
            <!--=======================  1st structured payload search term  =======================-->
            <ulex:StructuredPayloadQueryStatement>
                <ulex:StructuredPayloadMetadata>
                    <ulex:CommunityURI>http://somewhere.gov/new-community</ulex:CommunityURI>
                    <ulex:CommunityVersionText>1.0</ulex:CommunityVersionText>
                </ulex:StructuredPayloadMetadata>
                <ulex:StructuredPayloadQueryField>
                    <new:Person>
                        <nc:PersonHairStyleText>pageboy</nc:PersonHairStyleText>
                    </new:Person>
                </ulex:StructuredPayloadQueryField>
                <ulex:QueryMatchCode>exact</ulex:QueryMatchCode>
            </ulex:StructuredPayloadQueryStatement>
            <!--=======================  Role types requested  =======================-->
            <lexs:StructuredQueryExtension>
                <lexs:RoleList>
                    <lexs:RoleInclusiveIndicator>true</lexs:RoleInclusiveIndicator>
                    <lexs:RoleTypeCode>SubjectType</lexs:RoleTypeCode>
                    <lexs:RoleTypeCode>RegisteredOffenderType</lexs:RoleTypeCode>
                </lexs:RoleList>
            </lexs:StructuredQueryExtension>
        </ulex:StructuredQuery>
    </ulex:StructuredSearchRequestMessage>
</ulexsr:doStructuredSearchRequest>