<?xml version="1.0" encoding="UTF-8"?>
<!--
    Document: $Id: doTextSearchResponse.xml 28466 2011-09-28 15:05:10Z ys34 $
    Original : 11/5/2009
    LEXS version  : 4.0
    ULEX version : 2.0
    Description   : 
        Sample XML instance for the text search response message.
-->
<ulexsr:doSearchResponse

    xmlns:ulex="http://ulex.gov/ulex/2.0" 
    xmlns:ulexsr="http://ulex.gov/searchretrieve/2.0"    
    xmlns:ulexcodes="http://ulex.gov/codes/2.0"    
    xmlns:ulexlib="http://ulex.gov/library/2.0"
    
    xmlns:j="http://niem.gov/niem/domains/jxdm/4.1"
    xmlns:nc="http://niem.gov/niem/niem-core/2.0"
    xmlns:em="http://niem.gov/niem/domains/emergencyManagement/2.0" 
    xmlns:im="http://niem.gov/niem/domains/immigration/2.0" 
    xmlns:scr="http://niem.gov/niem/domains/screening/2.0"
    xmlns:s="http://niem.gov/niem/structures/2.0"
    xmlns:lexs="http://lexs.gov/lexs/4.0" 
    xmlns:wsa="http://www.w3.org/2005/08/addressing"
    xmlns:lexsdigest="http://lexs.gov/digest/4.0"
    
    xmlns:xsi="http://www.w3.org/2001/XMLSchema-instance" 
    xsi:schemaLocation="http://ulex.gov/searchretrieve/2.0 ../../xsd/ulex.gov/ulex-search-retrieve/2.0/ulex-search-retrieve.xsd">
    <ulex:SearchResponseMessage>
        <ulex:SRMessageMetadata>
            <ulex:ULEXFrameworkVersionText>2.0</ulex:ULEXFrameworkVersionText>
            <ulex:ULEXImplementation>
                <ulex:ULEXImplementationVersionText>4.0</ulex:ULEXImplementationVersionText>
                <ulex:ULEXImplementationName>LEXS</ulex:ULEXImplementationName>
            </ulex:ULEXImplementation>
            <ulex:MessageDateTime>2006-12-17T09:30:47.0Z</ulex:MessageDateTime>
            <wsa:MessageID>uuid:d03bff59-7323-4f60-b080-fc2b1d873f0c</wsa:MessageID>
            <wsa:RelatesTo>uuid:ab19b2f2-d64c-44c6-ab18-61dde2f25e6c</wsa:RelatesTo>
            <!--=======================  Message Origin  =======================-->
            <ulex:MessageOriginMetadata>
                <lexs:SystemIdentifier>
                    <!-- OriginatingAgencyID is optional here and was not included in the sample  -->
                    <nc:OrganizationName>Hypothetical Organization E</nc:OrganizationName>
                    <lexs:SystemID>SysE</lexs:SystemID>
                </lexs:SystemIdentifier>
                <lexs:SystemContact>
                    <nc:PersonGivenName>Jim</nc:PersonGivenName>
                    <nc:PersonSurName>West</nc:PersonSurName>
                    <nc:ContactTelephoneNumber>
                        <nc:FullTelephoneNumber>
                            <nc:TelephoneNumberFullID>770-555-1212</nc:TelephoneNumberFullID>
                        </nc:FullTelephoneNumber>
                    </nc:ContactTelephoneNumber>
                </lexs:SystemContact>
            </ulex:MessageOriginMetadata>
            <!--====================== Message Destination ==========================-->
            <lexs:MessageDestinationIdentifier>
                <!-- OriginatingAgencyID is optional here and was not included in the sample  -->
                <nc:OrganizationName>Hypothetical Organization F</nc:OrganizationName>
                <lexs:SystemID>SysF</lexs:SystemID>
            </lexs:MessageDestinationIdentifier>
        </ulex:SRMessageMetadata>
        <ulex:ResponseMetadata>
            <ulex:ResultCode>Success</ulex:ResultCode>
        </ulex:ResponseMetadata>
        <ulex:SearchResponseMetadata>
            <ulex:MaxItemMatchesRequestedNumeric>10</ulex:MaxItemMatchesRequestedNumeric>
            <ulex:NumberItemMatchesText>3</ulex:NumberItemMatchesText>
            <ulex:ServerLimitIndicator>false</ulex:ServerLimitIndicator>
        </ulex:SearchResponseMetadata>
        <!--=========================================================-->
        <!--=======================  Package #1 =======================-->
        <!--=========================================================-->
        <ulex:SearchResultPackage>
            <ulex:PackageMetadata>
                <ulex:DataItemID>12345678</ulex:DataItemID>
                <!-- DataItemContact is the person(s) who can be contacted about the data item  -->
                <!-- DataItemContact is optional, and there can be more than one -->
                <lexs:DataItemContact>
                    <!-- PersonName may be a split out name, or both a split out name and a full name.  Last name is required. -->
                    <nc:PersonSurName>Jackson</nc:PersonSurName>
                    <nc:PersonFullName>David Jackson</nc:PersonFullName>
                    <!-- Contact telephone number is required, other kinds of numbers optional -->
                    <nc:ContactTelephoneNumber>
                        <nc:FullTelephoneNumber>
                            <!-- Full phone number listed here, although the phone number could be split into parts -->
                            <nc:TelephoneNumberFullID>333-444-5555 x6</nc:TelephoneNumberFullID>
                        </nc:FullTelephoneNumber>
                    </nc:ContactTelephoneNumber>
                </lexs:DataItemContact>
                <ulex:DataItemDate>2006-12-13</ulex:DataItemDate>
                <!-- DataItemReferenceID may be the same as the DataItemID, or may be a more human-readable version of DataItemID -->
                <ulex:DataItemReferenceID>1912345678</ulex:DataItemReferenceID>
                <lexs:DataItemStatusText>Closed</lexs:DataItemStatusText>
                <!--=======================  Data Owner Metadata  =======================-->
                <ulex:DataOwnerMetadata>
                    <lexs:DataOwnerIdentifier>
                        <lexs:OriginatingAgencyID>AA1234567</lexs:OriginatingAgencyID>
                        <nc:OrganizationName>Hypothetical Agency A</nc:OrganizationName>
                        <lexs:SystemID>SysA</lexs:SystemID>
                    </lexs:DataOwnerIdentifier>
                    <lexs:DataOwnerContact>
                        <nc:PersonGivenName>Will</nc:PersonGivenName>
                        <nc:PersonSurName>Jones</nc:PersonSurName>
                        <nc:ContactTelephoneNumber>
                            <nc:FullTelephoneNumber>
                                <nc:TelephoneNumberFullID>111-222-3333</nc:TelephoneNumberFullID>
                            </nc:FullTelephoneNumber>
                        </nc:ContactTelephoneNumber>
                    </lexs:DataOwnerContact>
                </ulex:DataOwnerMetadata>
                <lexs:DisseminationCriteria>
                    <lexs:DisseminationCriteriaDomainName>Test</lexs:DisseminationCriteriaDomainName>
                    <lexs:DisseminationCriteriaText>white</lexs:DisseminationCriteriaText>
                </lexs:DisseminationCriteria>
            </ulex:PackageMetadata>
            <!--=======================  Data Submitter Metadata  =======================-->
            <ulex:DataSubmitterMetadata>
                <lexs:SystemIdentifier>
                    <nc:OrganizationName>Hypothetical Organization C</nc:OrganizationName>
                    <lexs:SystemID>SysC</lexs:SystemID>
                </lexs:SystemIdentifier>
                <lexs:SystemContact>
                    <nc:PersonGivenName>Michael</nc:PersonGivenName>
                    <nc:PersonSurName>Park</nc:PersonSurName>
                    <!-- Contact telephone number is required, other kinds of numbers optional -->
                    <nc:ContactTelephoneNumber>
                        <!-- Phone number listed here split into parts, although the full phone number field could be used instead or in addition to the parts -->
                        <nc:NANPTelephoneNumber>
                            <nc:TelephoneAreaCodeID>202</nc:TelephoneAreaCodeID>
                            <nc:TelephoneExchangeID>555</nc:TelephoneExchangeID>
                            <nc:TelephoneLineID>1212</nc:TelephoneLineID>
                        </nc:NANPTelephoneNumber>
                    </nc:ContactTelephoneNumber>
                </lexs:SystemContact>
            </ulex:DataSubmitterMetadata>
            <ulex:MatchDetails>
                <ulex:SnippetText>Police identified yesterday the man fatally shot Sunday night outside Maple Glen Apartments in the 6000 block of Amberwood Road as Tommy Jones 28, of the 5900 block of Hastie Lake Road. Police responding to a report of shots fired about 8:15 p.m. found Jones bleeding from a bullet wound to the head.</ulex:SnippetText>
            </ulex:MatchDetails>
        </ulex:SearchResultPackage>
        <!--=========================================================-->
        <!--=======================  Package #2  =======================-->
        <!--=========================================================-->
        <ulex:SearchResultPackage>
            <ulex:PackageMetadata>
                <ulex:DataItemID>12345679</ulex:DataItemID>
                <!-- DataItemContact is the person(s) who can be contacted about the data item  -->
                <!-- DataItemContact is optional, and there can be more than one -->
                <lexs:DataItemContact>
                    <!-- PersonName may be a split out name, or both a split out name and a full name.  Last name is required. -->
                    <nc:PersonSurName>Jackson</nc:PersonSurName>
                    <nc:PersonFullName>David Jackson</nc:PersonFullName>
                    <!-- Contact telephone number is required, other kinds of numbers optional -->
                    <nc:ContactTelephoneNumber>
                        <nc:FullTelephoneNumber>
                            <!-- Full phone number listed here, although the phone number could be split into parts -->
                            <nc:TelephoneNumberFullID>333-444-5555 x6</nc:TelephoneNumberFullID>
                        </nc:FullTelephoneNumber>
                    </nc:ContactTelephoneNumber>
                </lexs:DataItemContact>
                <ulex:DataItemDate>2006-12-13</ulex:DataItemDate>
                <!-- DataItemReferenceID may be the same as the DataItemID, or may be a more human-readable version of DataItemID -->
                <ulex:DataItemReferenceID>1912345679</ulex:DataItemReferenceID>
                <lexs:DataItemStatusText>Closed_Case</lexs:DataItemStatusText>
                <!--=======================  Data Owner Metadata  =======================-->
                <ulex:DataOwnerMetadata>
                    <lexs:DataOwnerIdentifier>
                        <lexs:OriginatingAgencyID>DD1234567</lexs:OriginatingAgencyID>
                        <nc:OrganizationName>Hypothetical Agency D</nc:OrganizationName>
                        <lexs:SystemID>SysD</lexs:SystemID>
                    </lexs:DataOwnerIdentifier>
                    <lexs:DataOwnerContact>
                        <nc:PersonGivenName>Will</nc:PersonGivenName>
                        <nc:PersonSurName>Dee</nc:PersonSurName>
                        <nc:ContactTelephoneNumber>
                            <nc:FullTelephoneNumber>
                                <nc:TelephoneNumberFullID>222-222-3333</nc:TelephoneNumberFullID>
                            </nc:FullTelephoneNumber>
                        </nc:ContactTelephoneNumber>
                    </lexs:DataOwnerContact>
                </ulex:DataOwnerMetadata>
                <lexs:DisseminationCriteria>
                    <lexs:DisseminationCriteriaDomainName>Test</lexs:DisseminationCriteriaDomainName>
                    <lexs:DisseminationCriteriaText>white</lexs:DisseminationCriteriaText>
                </lexs:DisseminationCriteria>
            </ulex:PackageMetadata>
            <!--=======================  Package Attachment Link Mugshot  =======================-->            
            <ulex:AttachmentSummary ulexlib:id="PAttachment2">
                <ulex:AttachmentDescriptionText>Mug shot for Tommy Lee Jones</ulex:AttachmentDescriptionText>
                <ulex:AttachmentURI>http://www.gtri.org/LEXS/examples/TommyJonesMugshot1.jpg</ulex:AttachmentURI>
                <ulex:AttachmentViewableIndicator>true</ulex:AttachmentViewableIndicator>
            </ulex:AttachmentSummary>

            <!--=======================  Data Submitter Metadata  =======================-->
            <ulex:DataSubmitterMetadata>
                <lexs:SystemIdentifier>
                    <lexs:OriginatingAgencyID>DD1234567</lexs:OriginatingAgencyID>
                    <nc:OrganizationName>Hypothetical Organization D</nc:OrganizationName>
                    <lexs:SystemID>SysD</lexs:SystemID>
                </lexs:SystemIdentifier>
                <lexs:SystemContact>
                    <nc:PersonGivenName>Michael</nc:PersonGivenName>
                    <nc:PersonSurName>Smith</nc:PersonSurName>
                    <!-- Contact telephone number is required, other kinds of numbers optional -->
                    <nc:ContactTelephoneNumber>
                        <!-- Phone number listed here split into parts, although the full phone number field could be used instead or in addition to the parts -->
                        <nc:NANPTelephoneNumber>
                            <nc:TelephoneAreaCodeID>303</nc:TelephoneAreaCodeID>
                            <nc:TelephoneExchangeID>555</nc:TelephoneExchangeID>
                            <nc:TelephoneLineID>1212</nc:TelephoneLineID>
                        </nc:NANPTelephoneNumber>
                    </nc:ContactTelephoneNumber>
                </lexs:SystemContact>
            </ulex:DataSubmitterMetadata>
            <!--=======================  Snippet  =======================-->
            <ulex:MatchDetails>
                <ulex:SnippetText>Authorities arrested a man in Oak Harbor, WA., and charged him with the first-degree murder of a man in the city's Catalina Park neighborhood in June. Held without bail in the Whidbey jail pending an extradition hearing is Tommy Lee Jones, 31, of Springfield, Va.</ulex:SnippetText>
            </ulex:MatchDetails>            
        </ulex:SearchResultPackage>
        <!--=========================================================-->
        <!--=======================  Package #3  =======================-->
        <!--=========================================================-->
        <ulex:SearchResultPackage>
            <ulex:PackageMetadata>
                <ulex:DataItemID>12345680</ulex:DataItemID>
                <lexs:DataItemContact>
                    <nc:PersonSurName>Jackson</nc:PersonSurName>
                    <nc:PersonFullName>David Jackson</nc:PersonFullName>
                    <nc:ContactTelephoneNumber>
                        <nc:FullTelephoneNumber>
                            <nc:TelephoneNumberFullID>333-444-5555 x6</nc:TelephoneNumberFullID>
                        </nc:FullTelephoneNumber>
                    </nc:ContactTelephoneNumber>
                    <lexs:DataContactDomainAttribute>
                        <ulex:AttributeName>ContactRole</ulex:AttributeName>
                        <ulex:AttributeValueText>Arresting Officer</ulex:AttributeValueText>
                        <ulex:DomainName>GBI</ulex:DomainName>
                    </lexs:DataContactDomainAttribute>                    
                </lexs:DataItemContact>
                <ulex:DataItemDate>2006-12-13</ulex:DataItemDate>
                <ulex:DataItemULEXImplementation>
                    <ulex:ULEXImplementationVersionText>4.0</ulex:ULEXImplementationVersionText>
                    <ulex:ULEXImplementationName>LEXS</ulex:ULEXImplementationName>
                </ulex:DataItemULEXImplementation>
                <ulex:DataItemReferenceID>1912345680</ulex:DataItemReferenceID>
                <lexs:DataItemStatusText>Closed_Case</lexs:DataItemStatusText>
                <!--=======================  Data Owner Metadata  =======================-->
                <ulex:DataOwnerMetadata>
                    <lexs:DataOwnerIdentifier>
                        <lexs:OriginatingAgencyID>AA1234567</lexs:OriginatingAgencyID>
                        <nc:OrganizationName>Hypothetical Agency A</nc:OrganizationName>
                        <lexs:SystemID>SysA</lexs:SystemID>
                    </lexs:DataOwnerIdentifier>
                    <lexs:DataOwnerContact>
                        <nc:PersonGivenName>Will</nc:PersonGivenName>
                        <nc:PersonSurName>Jones</nc:PersonSurName>
                        <nc:ContactTelephoneNumber>
                            <nc:FullTelephoneNumber>
                                <nc:TelephoneNumberFullID>111-222-3333</nc:TelephoneNumberFullID>
                            </nc:FullTelephoneNumber>
                        </nc:ContactTelephoneNumber>
                        <lexs:DataContactDomainAttribute>
                            <ulex:AttributeName>ContactRole</ulex:AttributeName>
                            <ulex:AttributeValueText>RMS Manager</ulex:AttributeValueText>
                            <ulex:DomainName>GBI</ulex:DomainName>
                        </lexs:DataContactDomainAttribute>
                    </lexs:DataOwnerContact>
                </ulex:DataOwnerMetadata>
                <lexs:DisseminationCriteria>
                    <lexs:DisseminationCriteriaDomainName>Test</lexs:DisseminationCriteriaDomainName>
                    <lexs:DisseminationCriteriaText>white</lexs:DisseminationCriteriaText>                
                </lexs:DisseminationCriteria>
            </ulex:PackageMetadata>
            <!--=======================  Digest  =======================-->
            <lexs:Digest>
                <lexsdigest:EntityPerson s:id="EPerson1">
                    <lexsdigest:Person s:id="Sub1">
                        <nc:PersonName>
                            <nc:PersonGivenName s:id="EPerson1PGN">Tommy</nc:PersonGivenName>
                            <nc:PersonSurName s:id="EPerson1PSN">Jones</nc:PersonSurName>
                        </nc:PersonName>
                        <nc:PersonSSNIdentification xsi:nil="false">
                            <nc:IdentificationID>333-44-5555</nc:IdentificationID>
                        </nc:PersonSSNIdentification>
                    </lexsdigest:Person>
                </lexsdigest:EntityPerson>
            </lexs:Digest>
            <!--=======================  Data Submitter Metadata  =======================-->
            <ulex:DataSubmitterMetadata>
                <lexs:SystemIdentifier>
                    <nc:OrganizationName>Hypothetical Organization C</nc:OrganizationName>
                    <lexs:SystemID>SysC</lexs:SystemID>
                </lexs:SystemIdentifier>
                <lexs:SystemContact>
                    <nc:PersonGivenName>Michael</nc:PersonGivenName>
                    <nc:PersonSurName>Park</nc:PersonSurName>
                    <nc:ContactTelephoneNumber>
                        <nc:NANPTelephoneNumber>
                            <nc:TelephoneAreaCodeID>202</nc:TelephoneAreaCodeID>
                            <nc:TelephoneExchangeID>555</nc:TelephoneExchangeID>
                            <nc:TelephoneLineID>1212</nc:TelephoneLineID>
                        </nc:NANPTelephoneNumber>
                    </nc:ContactTelephoneNumber>
                    <lexs:DataContactDomainAttribute>
                        <ulex:AttributeName>ContactRole</ulex:AttributeName>
                        <ulex:AttributeValueText>Data Center Operations</ulex:AttributeValueText>
                        <ulex:DomainName>GBI</ulex:DomainName>
                    </lexs:DataContactDomainAttribute>                    
                </lexs:SystemContact>
            </ulex:DataSubmitterMetadata>
            <ulex:MatchDetails>
                <ulex:MatchObjectDetails>
                    <ulex:MatchDigestEntityReference ulexlib:validatingObjectReference="EPerson1"/>
                    <ulex:MatchDigestElementReference>
                        <ulexlib:DigestObjectReference ulexlib:validatingObjectReference="EPerson1PGN"/>
                        <ulex:QueryMatchText>exact</ulex:QueryMatchText>
                    </ulex:MatchDigestElementReference>
                    <ulex:MatchDigestElementReference>
                        <ulexlib:DigestObjectReference ulexlib:validatingObjectReference="EPerson1PSN"/>
                        <ulex:QueryMatchText>exact</ulex:QueryMatchText>
                    </ulex:MatchDigestElementReference>
                </ulex:MatchObjectDetails>
                <ulex:StructuredQueryMatchScorePercent>1</ulex:StructuredQueryMatchScorePercent>
            </ulex:MatchDetails>            
        </ulex:SearchResultPackage>    
    </ulex:SearchResponseMessage>
</ulexsr:doSearchResponse>