<!--
    Document: $Id: getCapabilitiesResponse.xml 28466 2011-09-28 15:05:10Z ys34 $
    Original : 11/6/2009
    LEXS version  : 4.0
    ULEX version : 2.0
    Description   : 
        Sample XML instance for the get capabilities response message.
-->
<ulexsr:getCapabilitiesResponse
    xmlns:new="http://somewhere.gov/new-community" 
    xmlns:ulex="http://ulex.gov/ulex/2.0" 
    xmlns:ulexsr="http://ulex.gov/searchretrieve/2.0"    
    xmlns:ulexcodes="http://ulex.gov/codes/2.0"    
    xmlns:ulexlib="http://ulex.gov/library/2.0"
    
    xmlns:j="http://niem.gov/niem/domains/jxdm/4.1"
    xmlns:nc="http://niem.gov/niem/niem-core/2.0"
    xmlns:s="http://niem.gov/niem/structures/2.0"
    xmlns:lexs="http://lexs.gov/lexs/4.0" 
    xmlns:wsa="http://www.w3.org/2005/08/addressing"
    xmlns:lexsdigest="http://lexs.gov/digest/4.0"
    
    xmlns:xsi="http://www.w3.org/2001/XMLSchema-instance" 
    xsi:schemaLocation="http://ulex.gov/searchretrieve/2.0 ../../xsd/ulex.gov/ulex-search-retrieve/2.0/ulex-search-retrieve.xsd">
    <ulex:CapabilitiesResponseMessage>
        <ulex:SRMessageMetadata>
            <ulex:ULEXFrameworkVersionText>2.0</ulex:ULEXFrameworkVersionText>
            <ulex:ULEXImplementation>
                <ulex:ULEXImplementationVersionText>4.0</ulex:ULEXImplementationVersionText>
                <ulex:ULEXImplementationName>LEXS</ulex:ULEXImplementationName>
            </ulex:ULEXImplementation>
            <ulex:MessageDateTime>2006-12-17T09:30:47.0Z</ulex:MessageDateTime>
            <wsa:MessageID>uuid:d03bff59-7323-4f60-b080-fc2b1d873f0c</wsa:MessageID>
            <wsa:RelatesTo>uuid:ab19b2f2-d64c-44c6-ab18-61dde2f25e6b</wsa:RelatesTo>
            <!--=======================  Message Origin  =======================-->
            <ulex:MessageOriginMetadata>
                <lexs:SystemIdentifier>
                    <!-- OriginatingAgencyID is optional here and was not included in the sample  -->
                    <nc:OrganizationName>Hypothetical Organization E</nc:OrganizationName>
                    <lexs:SystemID>SysE</lexs:SystemID>
                </lexs:SystemIdentifier>
                <lexs:SystemContact>
                    <nc:PersonGivenName>Jim</nc:PersonGivenName>
                    <nc:PersonSurName>West</nc:PersonSurName>
                    <nc:ContactTelephoneNumber>
                        <nc:FullTelephoneNumber>
                            <nc:TelephoneNumberFullID>770-555-1212</nc:TelephoneNumberFullID>
                        </nc:FullTelephoneNumber>
                    </nc:ContactTelephoneNumber>
                </lexs:SystemContact>
            </ulex:MessageOriginMetadata>
            <!--====================== Message Destination ==========================-->
            <lexs:MessageDestinationIdentifier>
                <!-- OriginatingAgencyID is optional here and was not included in the sample  -->
                <nc:OrganizationName>Hypothetical Organization F</nc:OrganizationName>
                <lexs:SystemID>SysF</lexs:SystemID>
            </lexs:MessageDestinationIdentifier>
        </ulex:SRMessageMetadata>
        <ulex:ResponseMetadata>
            <ulex:ResultCode>Success</ulex:ResultCode>
        </ulex:ResponseMetadata>
        <ulex:Capabilities>
            <ulex:DataItemCategory>
                <ulex:DataItemCategoryText>Incident</ulex:DataItemCategoryText>
                <ulex:DataItemCategoryDescriptionText>Incident Reports</ulex:DataItemCategoryDescriptionText>
            </ulex:DataItemCategory>
            <ulex:DataItemCategory>
                <ulex:DataItemCategoryText>Arrest</ulex:DataItemCategoryText>
                <ulex:DataItemCategoryDescriptionText>Arrest Reports</ulex:DataItemCategoryDescriptionText>
            </ulex:DataItemCategory>
            <ulex:PagingIndicator>true</ulex:PagingIndicator>
            <ulex:MaxHitsReturnedNumeric>100</ulex:MaxHitsReturnedNumeric>
            <ulex:StructuredSearch>
                <ulex:MultipleValueIndicator>true</ulex:MultipleValueIndicator>
                <ulex:WildcardIndicator>true</ulex:WildcardIndicator>
                <ulex:FuzzySearchIndicator>true</ulex:FuzzySearchIndicator>
                <ulex:DateRangeIndicator>true</ulex:DateRangeIndicator>
                <ulex:NumericRangeIndicator>true</ulex:NumericRangeIndicator>
            </ulex:StructuredSearch>
            <ulex:TextSearch>
                <ulex:ExactPhraseIndicator>true</ulex:ExactPhraseIndicator>
                <ulex:LogicalOperatorIndicator>true</ulex:LogicalOperatorIndicator>
                <ulex:WildcardIndicator>true</ulex:WildcardIndicator>
            </ulex:TextSearch>
            <ulex:SubscribeNotify>
                <ulex:MatchSubscriptionIndicator>false</ulex:MatchSubscriptionIndicator>
                <ulex:IdenticalSearchSubscriptionIndicator>false</ulex:IdenticalSearchSubscriptionIndicator>
                <ulex:SimilarSearchSubscriptionIndicator>false</ulex:SimilarSearchSubscriptionIndicator>
                <ulex:DataItemSearchSubscriptionIndicator>false</ulex:DataItemSearchSubscriptionIndicator>
                <ulex:DataItemRetrievalSubscriptionIndicator>false</ulex:DataItemRetrievalSubscriptionIndicator>            
            </ulex:SubscribeNotify>
        </ulex:Capabilities>
    </ulex:CapabilitiesResponseMessage>
</ulexsr:getCapabilitiesResponse>