<?xml version="1.0" encoding="UTF-8"?>
<!--
    Document: $Id: getDataItemResponse.xml 28466 2011-09-28 15:05:10Z ys34 $
    Original : 11/6/2009
    LEXS version  : 4.0
    ULEX version : 2.0
    Description   : 
        Sample XML instance for the get data item response message.
-->
<ulexsr:getDataItemResponse
    xmlns:new="http://somewhere.gov/new-community" 
    xmlns:ulex="http://ulex.gov/ulex/2.0" 
    xmlns:ulexsr="http://ulex.gov/searchretrieve/2.0"    
    xmlns:ulexcodes="http://ulex.gov/codes/2.0"    
    xmlns:ulexlib="http://ulex.gov/library/2.0"
    
    xmlns:j="http://niem.gov/niem/domains/jxdm/4.1"
    xmlns:nc="http://niem.gov/niem/niem-core/2.0"
    xmlns:s="http://niem.gov/niem/structures/2.0"
    xmlns:lexs="http://lexs.gov/lexs/4.0" 
    xmlns:wsa="http://www.w3.org/2005/08/addressing"
    xmlns:lexsdigest="http://lexs.gov/digest/4.0"
    
    xmlns:xsi="http://www.w3.org/2001/XMLSchema-instance" 
    xsi:schemaLocation="http://ulex.gov/searchretrieve/2.0 ../../xsd/ulex.gov/ulex-search-retrieve/2.0/ulex-search-retrieve.xsd">
    <ulex:DataItemResponseMessage>
        <ulex:SRMessageMetadata>
            <ulex:ULEXFrameworkVersionText>2.0</ulex:ULEXFrameworkVersionText>
            <ulex:ULEXImplementation>
                <ulex:ULEXImplementationVersionText>4.0</ulex:ULEXImplementationVersionText>
                <ulex:ULEXImplementationName>LEXS</ulex:ULEXImplementationName>
            </ulex:ULEXImplementation>
            <ulex:MessageDateTime>2006-12-17T09:30:47.0Z</ulex:MessageDateTime>
            <wsa:MessageID>uuid:d03bff59-7323-4f60-b080-fc2b1d873f0c</wsa:MessageID>
            <wsa:RelatesTo>uuid:ab19b2f2-d64c-44c6-ab18-61dde2f25e6k</wsa:RelatesTo>
            <!--=======================  Message Origin  =======================-->
            <ulex:MessageOriginMetadata>
                <lexs:SystemIdentifier>
                    <!-- OriginatingAgencyID is optional here and was not included in the sample  -->
                    <nc:OrganizationName>Hypothetical Organization E</nc:OrganizationName>
                    <lexs:SystemID>SysE</lexs:SystemID>
                </lexs:SystemIdentifier>
                <lexs:SystemContact>
                    <nc:PersonGivenName>Jim</nc:PersonGivenName>
                    <nc:PersonSurName>West</nc:PersonSurName>
                    <nc:ContactTelephoneNumber>
                        <nc:FullTelephoneNumber>
                            <nc:TelephoneNumberFullID>770-555-1212</nc:TelephoneNumberFullID>
                        </nc:FullTelephoneNumber>
                    </nc:ContactTelephoneNumber>
                </lexs:SystemContact>
            </ulex:MessageOriginMetadata>
            <!--====================== Message Destination ==========================-->
            <lexs:MessageDestinationIdentifier>
                <!-- OriginatingAgencyID is optional here and was not included in the sample  -->
                <nc:OrganizationName>Hypothetical Organization F</nc:OrganizationName>
                <lexs:SystemID>SysF</lexs:SystemID>
            </lexs:MessageDestinationIdentifier>
        </ulex:SRMessageMetadata>
        <ulex:ResponseMetadata>
            <ulex:ResultCode>Success</ulex:ResultCode>
        </ulex:ResponseMetadata>
        <!--=======================  Data Submitter Metadata  =======================-->
        <ulex:DataSubmitterMetadata>
            <lexs:SystemIdentifier>
                <lexs:OriginatingAgencyID>DD1234567</lexs:OriginatingAgencyID>
                <nc:OrganizationName>Hypothetical Organization D</nc:OrganizationName>
                <lexs:SystemID>SysD</lexs:SystemID>
            </lexs:SystemIdentifier>
            <lexs:SystemContact>
                <nc:PersonGivenName>Michael</nc:PersonGivenName>
                <nc:PersonSurName>Smith</nc:PersonSurName>
                <!-- Contact telephone number is required, other kinds of numbers optional -->
                <nc:ContactTelephoneNumber>
                    <!-- Phone number listed here split into parts, although the full phone number field could be used instead or in addition to the parts -->
                    <nc:NANPTelephoneNumber>
                        <nc:TelephoneAreaCodeID>303</nc:TelephoneAreaCodeID>
                        <nc:TelephoneExchangeID>555</nc:TelephoneExchangeID>
                        <nc:TelephoneLineID>1212</nc:TelephoneLineID>
                    </nc:NANPTelephoneNumber>
                </nc:ContactTelephoneNumber>
            </lexs:SystemContact>
        </ulex:DataSubmitterMetadata>        
        <ulex:DataItemPackage>
            <ulex:PackageMetadata>
                <ulex:DataItemID>12345679</ulex:DataItemID>
                <!-- DataItemContact is the person(s) who can be contacted about the data item  -->
                <!-- DataItemContact is optional, and there can be more than one -->
                <lexs:DataItemContact>
                    <!-- PersonName may be a split out name, or both a split out name and a full name.  Last name is required. -->
                    <nc:PersonSurName>Jackson</nc:PersonSurName>
                    <nc:PersonFullName>David Jackson</nc:PersonFullName>
                    <!-- Contact telephone number is required, other kinds of numbers optional -->
                    <nc:ContactTelephoneNumber>
                        <nc:FullTelephoneNumber>
                            <!-- Full phone number listed here, although the phone number could be split into parts -->
                            <nc:TelephoneNumberFullID>333-444-5555 x6</nc:TelephoneNumberFullID>
                        </nc:FullTelephoneNumber>
                    </nc:ContactTelephoneNumber>
                </lexs:DataItemContact>
                <ulex:DataItemDate>2006-12-13</ulex:DataItemDate>
                <!-- DataItemReferenceID may be the same as the DataItemID, or may be a more human-readable version of DataItemID -->
                <ulex:DataItemReferenceID>1912345678</ulex:DataItemReferenceID>
                <ulex:DataItemPublishInstructionCode>Insert</ulex:DataItemPublishInstructionCode>
                <lexs:DataItemStatusText>Closed_Case</lexs:DataItemStatusText>
                <!--=======================  Data Owner Metadata  =======================-->
                <ulex:DataOwnerMetadata>
                    <lexs:DataOwnerIdentifier>
                        <lexs:OriginatingAgencyID>DD1234567</lexs:OriginatingAgencyID>
                        <nc:OrganizationName>Hypothetical Agency D</nc:OrganizationName>
                        <lexs:SystemID>SysD</lexs:SystemID>
                    </lexs:DataOwnerIdentifier>
                    <lexs:DataOwnerContact>
                        <nc:PersonGivenName>Will</nc:PersonGivenName>
                        <nc:PersonSurName>Dee</nc:PersonSurName>
                        <nc:ContactTelephoneNumber>
                            <nc:FullTelephoneNumber>
                                <nc:TelephoneNumberFullID>222-222-3333</nc:TelephoneNumberFullID>
                            </nc:FullTelephoneNumber>
                        </nc:ContactTelephoneNumber>
                    </lexs:DataOwnerContact>
                </ulex:DataOwnerMetadata>
                <lexs:DisseminationCriteria>
                    <lexs:DisseminationCriteriaDomainName>Test</lexs:DisseminationCriteriaDomainName>
                    <lexs:DisseminationCriteriaText>white</lexs:DisseminationCriteriaText>
                </lexs:DisseminationCriteria>
            </ulex:PackageMetadata>
            <lexs:Digest>
                <!--=======================  Entities  =======================-->
                <lexsdigest:EntityPerson>
                    <lexsdigest:Person s:id="Sub2">
                        <nc:PersonName>
                            <nc:PersonGivenName>Tommy</nc:PersonGivenName>
                            <nc:PersonMiddleName>Lee</nc:PersonMiddleName>
                            <nc:PersonSurName>Jones</nc:PersonSurName>
                        </nc:PersonName>
                        <nc:PersonRaceCode>W</nc:PersonRaceCode>
                        <nc:PersonSSNIdentification xsi:nil="false">
                            <nc:IdentificationID>034-78-6532</nc:IdentificationID>
                        </nc:PersonSSNIdentification>
                        <nc:PersonWeightMeasure>
                            <nc:MeasurePointValue>185</nc:MeasurePointValue>
                            <nc:WeightUnitCode>LBR</nc:WeightUnitCode>
                        </nc:PersonWeightMeasure>
                    </lexsdigest:Person>
                    <j:Subject s:id="Sub2R">
                        <nc:RoleOfPersonReference s:ref="Sub2"/>
                    </j:Subject>                    
                </lexsdigest:EntityPerson>
                <lexsdigest:EntityPerson>
                    <lexsdigest:Person s:id="Sub3">
                        <nc:PersonName>
                            <nc:PersonGivenName>Carl</nc:PersonGivenName>
                            <nc:PersonMiddleName>Lee</nc:PersonMiddleName>
                            <nc:PersonSurName>McMillan</nc:PersonSurName>
                        </nc:PersonName>
                        <nc:PersonRaceCode>W</nc:PersonRaceCode>
                        <nc:PersonSSNIdentification xsi:nil="false">
                            <nc:IdentificationID>034-78-6539</nc:IdentificationID>
                        </nc:PersonSSNIdentification>
                        <nc:PersonWeightMeasure>
                            <nc:MeasurePointValue>205</nc:MeasurePointValue>
                            <nc:WeightUnitCode>LBR</nc:WeightUnitCode>
                        </nc:PersonWeightMeasure>
                    </lexsdigest:Person>
                    <j:Subject s:id="Sub3R">
                        <nc:RoleOfPersonReference s:ref="Sub3"/>
                    </j:Subject>
                </lexsdigest:EntityPerson>
                <lexsdigest:EntityTelephoneNumber>
                    <lexsdigest:TelephoneNumber s:id="T1">
                        <nc:FullTelephoneNumber>
                            <nc:TelephoneNumberFullID>4805105192</nc:TelephoneNumberFullID>
                        </nc:FullTelephoneNumber>
                    </lexsdigest:TelephoneNumber>
                </lexsdigest:EntityTelephoneNumber>
                <lexsdigest:EntityTelephoneNumber>
                    <lexsdigest:TelephoneNumber s:id="T2">
                        <nc:FullTelephoneNumber>
                            <nc:TelephoneNumberFullID>4805105193</nc:TelephoneNumberFullID>
                        </nc:FullTelephoneNumber>
                    </lexsdigest:TelephoneNumber>
                </lexsdigest:EntityTelephoneNumber>
                <!--=======================  Associations  =======================-->
                <lexsdigest:Associations>
                    <j:AccompliceAssociation>
                        <nc:PersonReference s:ref="Sub3"/>
                        <j:SubjectReference s:ref="Sub2R"/>
                    </j:AccompliceAssociation>
                    <lexsdigest:EntityTelephoneNumberAssociation>
                        <nc:Entity>
                            <nc:EntityPersonReference s:ref="Sub2"/>
                        </nc:Entity>
                        <nc:TelephoneNumberReference s:ref="T1"/>
                    </lexsdigest:EntityTelephoneNumberAssociation>
                    <lexsdigest:EntityTelephoneNumberAssociation>
                        <nc:Entity>
                            <nc:EntityPersonReference s:ref="Sub3"/>
                        </nc:Entity>
                        <nc:TelephoneNumberReference s:ref="T2"/>
                    </lexsdigest:EntityTelephoneNumberAssociation>
                </lexsdigest:Associations>
            </lexs:Digest>
            <!--======================= Data from another community ======================-->
            <ulex:StructuredPayload  ulexlib:id="SP1">
                <ulex:StructuredPayloadMetadata>
                    <!-- URI is an identifier that uniquely identifies the community (or program)  that defined the schema for this structured payload.  -->
                    <!-- This should be the namespace for the the structured payload. -->
                    <ulex:CommunityURI>http://somewhere.gov/new-community</ulex:CommunityURI>
                    <!-- Description is an abbreviation or name for the community (or program), such as NDEx or RDEx -->
                    <ulex:CommunityDescriptionText>New Community</ulex:CommunityDescriptionText>
                    <!-- Version is the version for the community providing the information, so for example version 2.1b -->
                    <ulex:CommunityVersionText>1.0</ulex:CommunityVersionText>
                </ulex:StructuredPayloadMetadata>
                <ulex:StructuredPayloadContent>        
                    <new:Person s:id="SP1P1">
                        <nc:PersonHairStyleText>pageboy</nc:PersonHairStyleText>
                        <nc:PersonPhysicalFeature s:id="SP1Feature1">
                            <nc:PhysicalFeatureDescriptionText>Tattoo details</nc:PhysicalFeatureDescriptionText>
                        </nc:PersonPhysicalFeature>                        
                    </new:Person>
                </ulex:StructuredPayloadContent>
            </ulex:StructuredPayload>
            <!--=======================  Package Attachment Link Mugshot  =======================-->
            <ulex:AttachmentSummary ulexlib:id="PAttachment2">
                <ulex:AttachmentDescriptionText>Mug shot for Tommy Lee Jones</ulex:AttachmentDescriptionText>
                <ulex:AttachmentURI>http://www.gtri.org/LEXS/examples/TommyJonesMugshot1.jpg</ulex:AttachmentURI>
                <ulex:AttachmentViewableIndicator>true</ulex:AttachmentViewableIndicator>
            </ulex:AttachmentSummary>
            <!--======================= New block for linkages ======================-->
            <ulex:Linkages>
                <ulexlib:SameAsConnection>
                    <ulexlib:DigestObjectReference ulexlib:validatingObjectReference="Sub2"/>
                    <ulexlib:StructuredPayloadObjectReference ulexlib:structuredPayloadReference="SP1" ulexlib:nonValidatingObjectReference="SP1P1"/>
                </ulexlib:SameAsConnection>
                <lexsdigest:PersonSMTImageConnection>
                    <ulexlib:AttachmentSummaryReference ulexlib:validatingObjectReference="PAttachment2"/>
                    <ulexlib:DigestObjectReference ulexlib:validatingObjectReference="Sub3"/>
                    <ulexlib:StructuredPayloadObjectReference ulexlib:structuredPayloadReference="SP1" ulexlib:nonValidatingObjectReference="SP1Feature1"/>
                </lexsdigest:PersonSMTImageConnection>
            </ulex:Linkages>            
            <!--=======================  Narrative  =======================-->
            <lexs:NarrativeText xsi:nil="false">Report of Investigation SUMMARY OF EVENT: Purchase of machine gun from Tommy Jones on June 14, 2006 NARRATIVE: On June 14, 2006, Agent Swanson, acting as an undercover buyer, purchased 1 9mm MAC 10 machinegun, SN 54-9365, from a JONES, Tommy at his place of occupation, Branton Tires in San Jose, California.  Purchase price was $500.00 cash.  Mr. Jones stated that he could obtain more weapons within the next two weeks.</lexs:NarrativeText>
        </ulex:DataItemPackage>
    </ulex:DataItemResponseMessage>
</ulexsr:getDataItemResponse>