<?xml version="1.0" encoding="UTF-8"?>
<!-- This file was auto-generated from WSDL -->
<!-- by the Apache Axis2 version: 1.5.4  Built on : Dec 19, 2010 (08:18:42 CET) -->
<serviceGroup>
    <service name="pmp">
        <messageReceivers>
            <messageReceiver mep="http://www.w3.org/ns/wsdl/in-out" class="gov.pmix.www.PmpMessageReceiverInOut"/>
        </messageReceivers>
        <parameter name="ServiceClass">gov.pmix.www.Operator</parameter>
        <parameter name="useOriginalwsdl">true</parameter>
        <parameter name="modifyUserWSDLPortAddress">true</parameter>
        <operation name="ReceiveDeferredPrescriptionDrugHistory" mep="http://www.w3.org/ns/wsdl/in-out" namespace="http://www.pmix.gov">
            <actionMapping>http://www.pmix.gov/pmp/ReceiveDeferredPrescriptionDrugHistory</actionMapping>
            <outputActionMapping>http://www.pmix.gov/pmp/ReceiveDeferredPrescriptionDrugHistoryResponse</outputActionMapping>
        </operation>
        <operation name="ProvidePrescriptionDrugHistory" mep="http://www.w3.org/ns/wsdl/in-out" namespace="http://www.pmix.gov">
            <actionMapping>http://www.pmix.gov/pmp/ProvidePrescriptionDrugHistory</actionMapping>
            <outputActionMapping>http://www.pmix.gov/pmp/ProvidePrescriptionDrugHistoryResponse</outputActionMapping>
        </operation>
    </service>
</serviceGroup>
